0,256,{}
0,129,{}
0,131,{}
0,8,{}
0,317,{}
0,14,{}
0,15,{}
0,16,{}
0,17,{}
0,18,{}
0,19,{}
0,20,{}
0,174,{}
0,26,{}
0,154,{}
0,30,{}
0,31,{}
0,32,{}
0,293,{}
0,38,{}
0,169,{}
0,142,{}
0,304,{}
0,53,{}
0,54,{}
0,55,{}
0,313,{}
0,59,{}
0,325,{}
0,61,{}
0,63,{}
0,181,{}
0,66,{}
0,67,{}
0,228,{}
0,70,{}
0,73,{}
0,339,{}
0,183,{}
0,354,{}
0,208,{}
0,211,{}
0,85,{}
0,342,{}
0,89,{}
0,143,{}
0,225,{}
0,226,{}
0,100,{}
0,231,{}
0,237,{}
0,272,{}
0,189,{}
0,368,{}
0,114,{}
0,302,{}
0,319,{}
1,130,{}
1,8,{}
1,9,{}
1,10,{}
1,11,{}
1,12,{}
1,143,{}
1,21,{}
1,25,{}
1,164,{}
1,168,{}
1,300,{}
1,136,{}
1,55,{}
1,57,{}
1,61,{}
1,192,{}
1,67,{}
1,77,{}
1,80,{}
1,346,{}
1,92,{}
1,225,{}
1,369,{}
1,245,{}
1,126,{}
1,149,{}
2,8,{}
2,9,{}
2,10,{}
2,11,{}
2,12,{}
2,13,{}
2,14,{}
2,15,{}
2,17,{}
2,18,{}
2,19,{}
2,20,{}
2,22,{}
2,23,{}
2,25,{}
2,26,{}
2,28,{}
2,29,{}
2,31,{}
2,32,{}
2,35,{}
2,36,{}
2,37,{}
2,39,{}
2,41,{}
2,44,{}
2,45,{}
2,46,{}
2,47,{}
2,48,{}
2,49,{}
2,57,{}
2,58,{}
2,60,{}
2,67,{}
2,68,{}
2,72,{}
2,75,{}
2,76,{}
2,77,{}
2,78,{}
2,79,{}
2,81,{}
2,82,{}
2,83,{}
2,85,{}
2,87,{}
2,88,{}
2,89,{}
2,91,{}
2,96,{}
2,103,{}
2,105,{}
2,108,{}
2,112,{}
2,115,{}
2,120,{}
2,121,{}
2,132,{}
2,136,{}
2,137,{}
2,140,{}
2,144,{}
2,152,{}
2,156,{}
2,161,{}
2,162,{}
2,167,{}
2,171,{}
2,173,{}
2,174,{}
2,178,{}
2,181,{}
2,183,{}
2,185,{}
2,187,{}
2,196,{}
2,199,{}
2,204,{}
2,205,{}
2,207,{}
2,214,{}
2,217,{}
2,234,{}
2,246,{}
2,253,{}
2,261,{}
2,262,{}
2,270,{}
2,276,{}
2,280,{}
2,284,{}
2,288,{}
2,290,{}
2,304,{}
2,308,{}
2,312,{}
2,315,{}
2,317,{}
2,320,{}
2,323,{}
2,324,{}
2,327,{}
2,348,{}
2,352,{}
2,370,{}
2,379,{}
2,396,{}
3,392,{}
3,259,{}
3,342,{}
3,8,{}
3,9,{}
3,10,{}
3,268,{}
3,13,{}
3,14,{}
3,15,{}
3,16,{}
3,280,{}
3,146,{}
3,19,{}
3,20,{}
3,22,{}
3,23,{}
3,24,{}
3,153,{}
3,26,{}
3,27,{}
3,28,{}
3,158,{}
3,161,{}
3,34,{}
3,164,{}
3,37,{}
3,39,{}
3,40,{}
3,43,{}
3,136,{}
3,351,{}
3,51,{}
3,168,{}
3,318,{}
3,64,{}
3,199,{}
3,202,{}
3,205,{}
3,141,{}
3,83,{}
3,86,{}
3,90,{}
3,165,{}
3,104,{}
3,105,{}
3,362,{}
3,364,{}
3,281,{}
3,238,{}
3,113,{}
3,243,{}
3,233,{}
3,252,{}
3,253,{}
3,127,{}
4,258,{}
4,388,{}
4,390,{}
4,263,{}
4,8,{}
4,9,{}
4,10,{}
4,11,{}
4,271,{}
4,272,{}
4,147,{}
4,22,{}
4,281,{}
4,283,{}
4,30,{}
4,291,{}
4,293,{}
4,51,{}
4,265,{}
4,58,{}
4,59,{}
4,62,{}
4,192,{}
4,68,{}
4,198,{}
4,311,{}
4,333,{}
4,214,{}
4,91,{}
4,364,{}
4,110,{}
4,247,{}
4,376,{}
4,127,{}
5,149,{}
5,131,{}
5,389,{}
5,134,{}
5,8,{}
5,9,{}
5,10,{}
5,11,{}
5,12,{}
5,13,{}
5,14,{}
5,15,{}
5,16,{}
5,17,{}
5,19,{}
5,21,{}
5,23,{}
5,24,{}
5,25,{}
5,26,{}
5,28,{}
5,29,{}
5,30,{}
5,197,{}
5,161,{}
5,35,{}
5,164,{}
5,165,{}
5,296,{}
5,41,{}
5,301,{}
5,171,{}
5,172,{}
5,173,{}
5,46,{}
5,176,{}
5,305,{}
5,138,{}
5,56,{}
5,58,{}
5,61,{}
5,63,{}
5,341,{}
5,323,{}
5,182,{}
5,198,{}
5,353,{}
5,72,{}
5,396,{}
5,202,{}
5,75,{}
5,76,{}
5,80,{}
5,81,{}
5,84,{}
5,270,{}
5,214,{}
5,216,{}
5,229,{}
5,224,{}
5,336,{}
5,101,{}
5,344,{}
5,209,{}
5,104,{}
5,106,{}
5,107,{}
5,111,{}
5,115,{}
5,118,{}
5,119,{}
5,122,{}
5,379,{}
5,253,{}
5,127,{}
6,8,{}
6,9,{}
6,10,{}
6,14,{}
6,15,{}
6,275,{}
6,154,{}
6,33,{}
6,36,{}
6,37,{}
6,171,{}
6,48,{}
6,50,{}
6,53,{}
6,56,{}
6,176,{}
6,188,{}
6,326,{}
6,70,{}
6,289,{}
6,88,{}
6,346,{}
6,94,{}
6,232,{}
6,110,{}
6,113,{}
6,123,{}
6,252,{}
7,8,{}
7,9,{}
7,11,{}
7,12,{}
7,194,{}
7,23,{}
7,160,{}
7,166,{}
7,295,{}
7,43,{}
7,300,{}
7,302,{}
7,49,{}
7,181,{}
7,57,{}
7,317,{}
7,66,{}
7,395,{}
7,336,{}
7,337,{}
7,214,{}
7,94,{}
7,358,{}
7,117,{}
7,248,{}
7,136,{}
7,123,{}
7,254,{}
7,255,{}
8,9,{}
8,10,{}
8,11,{}
8,12,{}
8,13,{}
8,14,{}
8,15,{}
8,16,{}
8,17,{}
8,18,{}
8,19,{}
8,20,{}
8,21,{}
8,23,{}
8,25,{}
8,26,{}
8,27,{}
8,29,{}
8,32,{}
8,33,{}
8,35,{}
8,38,{}
8,39,{}
8,40,{}
8,41,{}
8,43,{}
8,46,{}
8,48,{}
8,50,{}
8,51,{}
8,54,{}
8,55,{}
8,56,{}
8,63,{}
8,64,{}
8,66,{}
8,67,{}
8,68,{}
8,72,{}
8,75,{}
8,76,{}
8,79,{}
8,80,{}
8,81,{}
8,83,{}
8,86,{}
8,89,{}
8,93,{}
8,95,{}
8,99,{}
8,100,{}
8,105,{}
8,112,{}
8,115,{}
8,117,{}
8,122,{}
8,132,{}
8,134,{}
8,141,{}
8,150,{}
8,153,{}
8,157,{}
8,173,{}
8,183,{}
8,186,{}
8,188,{}
8,200,{}
8,206,{}
8,211,{}
8,217,{}
8,218,{}
8,220,{}
8,224,{}
8,226,{}
8,229,{}
8,238,{}
8,240,{}
8,244,{}
8,245,{}
8,248,{}
8,258,{}
8,262,{}
8,266,{}
8,269,{}
8,272,{}
8,273,{}
8,289,{}
8,291,{}
8,303,{}
8,304,{}
8,309,{}
8,310,{}
8,312,{}
8,313,{}
8,315,{}
8,338,{}
8,345,{}
8,348,{}
8,361,{}
8,364,{}
8,374,{}
8,376,{}
8,382,{}
8,389,{}
8,390,{}
8,391,{}
8,394,{}
8,398,{}
8,399,{}
9,128,{}
9,10,{}
9,11,{}
9,12,{}
9,13,{}
9,14,{}
9,301,{}
9,152,{}
9,19,{}
9,21,{}
9,23,{}
9,24,{}
9,25,{}
9,28,{}
9,30,{}
9,159,{}
9,368,{}
9,36,{}
9,134,{}
9,39,{}
9,169,{}
9,135,{}
9,173,{}
9,306,{}
9,307,{}
9,52,{}
9,181,{}
9,310,{}
9,55,{}
9,398,{}
9,151,{}
9,317,{}
9,192,{}
9,260,{}
9,67,{}
9,69,{}
9,200,{}
9,332,{}
9,204,{}
9,226,{}
9,78,{}
9,79,{}
9,85,{}
9,216,{}
9,90,{}
9,349,{}
9,344,{}
9,98,{}
9,359,{}
9,105,{}
9,171,{}
9,370,{}
9,110,{}
9,111,{}
9,112,{}
9,241,{}
9,322,{}
9,118,{}
9,119,{}
9,122,{}
9,383,{}
9,253,{}
9,341,{}
10,128,{}
10,135,{}
10,266,{}
10,11,{}
10,12,{}
10,13,{}
10,14,{}
10,15,{}
10,16,{}
10,17,{}
10,18,{}
10,20,{}
10,21,{}
10,22,{}
10,151,{}
10,24,{}
10,132,{}
10,179,{}
10,27,{}
10,29,{}
10,289,{}
10,260,{}
10,33,{}
10,34,{}
10,36,{}
10,37,{}
10,308,{}
10,263,{}
10,300,{}
10,45,{}
10,385,{}
10,200,{}
10,51,{}
10,180,{}
10,54,{}
10,55,{}
10,184,{}
10,185,{}
10,186,{}
10,223,{}
10,60,{}
10,62,{}
10,191,{}
10,64,{}
10,321,{}
10,66,{}
10,267,{}
10,197,{}
10,70,{}
10,199,{}
10,194,{}
10,140,{}
10,74,{}
10,311,{}
10,78,{}
10,79,{}
10,210,{}
10,211,{}
10,84,{}
10,87,{}
10,88,{}
10,292,{}
10,152,{}
10,271,{}
10,130,{}
10,95,{}
10,97,{}
10,99,{}
10,215,{}
10,145,{}
10,384,{}
10,109,{}
10,369,{}
10,116,{}
10,117,{}
10,315,{}
10,124,{}
11,363,{}
11,134,{}
11,267,{}
11,13,{}
11,398,{}
11,16,{}
11,18,{}
11,275,{}
11,20,{}
11,150,{}
11,281,{}
11,153,{}
11,26,{}
11,27,{}
11,28,{}
11,30,{}
11,31,{}
11,32,{}
11,34,{}
11,155,{}
11,167,{}
11,40,{}
11,169,{}
11,193,{}
11,300,{}
11,47,{}
11,49,{}
11,371,{}
11,57,{}
11,223,{}
11,316,{}
11,65,{}
11,194,{}
11,67,{}
11,198,{}
11,72,{}
11,329,{}
11,202,{}
11,76,{}
11,78,{}
11,288,{}
11,209,{}
11,220,{}
11,378,{}
11,95,{}
11,97,{}
11,315,{}
11,102,{}
11,105,{}
11,144,{}
11,235,{}
11,365,{}
11,110,{}
11,239,{}
11,368,{}
11,258,{}
11,120,{}
11,136,{}
11,200,{}
12,215,{}
12,13,{}
12,242,{}
12,16,{}
12,145,{}
12,18,{}
12,19,{}
12,20,{}
12,22,{}
12,26,{}
12,28,{}
12,29,{}
12,185,{}
12,31,{}
12,32,{}
12,33,{}
12,34,{}
12,36,{}
12,37,{}
12,38,{}
12,170,{}
12,257,{}
12,45,{}
12,385,{}
12,351,{}
12,307,{}
12,52,{}
12,286,{}
12,57,{}
12,186,{}
12,159,{}
12,61,{}
12,245,{}
12,192,{}
12,67,{}
12,324,{}
12,70,{}
12,72,{}
12,204,{}
12,335,{}
12,212,{}
12,270,{}
12,87,{}
12,89,{}
12,222,{}
12,293,{}
12,352,{}
12,272,{}
12,355,{}
12,101,{}
12,230,{}
12,360,{}
12,105,{}
12,106,{}
12,109,{}
12,114,{}
12,117,{}
12,118,{}
12,340,{}
12,350,{}
12,123,{}
12,381,{}
13,260,{}
13,130,{}
13,143,{}
13,16,{}
13,17,{}
13,18,{}
13,19,{}
13,148,{}
13,21,{}
13,23,{}
13,25,{}
13,154,{}
13,27,{}
13,157,{}
13,158,{}
13,197,{}
13,393,{}
13,34,{}
13,163,{}
13,36,{}
13,39,{}
13,40,{}
13,42,{}
13,44,{}
13,175,{}
13,136,{}
13,178,{}
13,307,{}
13,180,{}
13,181,{}
13,54,{}
13,55,{}
13,56,{}
13,185,{}
13,287,{}
13,138,{}
13,190,{}
13,360,{}
13,66,{}
13,69,{}
13,71,{}
13,140,{}
13,311,{}
13,77,{}
13,141,{}
13,80,{}
13,282,{}
13,343,{}
13,223,{}
13,101,{}
13,276,{}
13,145,{}
13,232,{}
13,167,{}
13,239,{}
13,112,{}
13,168,{}
13,242,{}
13,147,{}
13,120,{}
13,249,{}
13,300,{}
13,149,{}
14,263,{}
14,139,{}
14,141,{}
14,15,{}
14,17,{}
14,18,{}
14,149,{}
14,151,{}
14,25,{}
14,239,{}
14,29,{}
14,30,{}
14,133,{}
14,162,{}
14,35,{}
14,38,{}
14,369,{}
14,40,{}
14,363,{}
14,299,{}
14,173,{}
14,46,{}
14,47,{}
14,48,{}
14,49,{}
14,178,{}
14,53,{}
14,60,{}
14,138,{}
14,62,{}
14,64,{}
14,395,{}
14,196,{}
14,71,{}
14,329,{}
14,258,{}
14,75,{}
14,211,{}
14,340,{}
14,87,{}
14,88,{}
14,271,{}
14,92,{}
14,94,{}
14,96,{}
14,98,{}
14,100,{}
14,103,{}
14,232,{}
14,234,{}
14,359,{}
14,364,{}
14,366,{}
14,189,{}
14,240,{}
14,113,{}
14,245,{}
14,120,{}
14,253,{}
14,254,{}
15,128,{}
15,172,{}
15,386,{}
15,145,{}
15,23,{}
15,280,{}
15,282,{}
15,159,{}
15,161,{}
15,35,{}
15,342,{}
15,37,{}
15,38,{}
15,369,{}
15,41,{}
15,42,{}
15,44,{}
15,47,{}
15,264,{}
15,180,{}
15,350,{}
15,56,{}
15,313,{}
15,314,{}
15,60,{}
15,62,{}
15,262,{}
15,326,{}
15,198,{}
15,200,{}
15,203,{}
15,397,{}
15,208,{}
15,81,{}
15,82,{}
15,340,{}
15,86,{}
15,87,{}
15,89,{}
15,219,{}
15,93,{}
15,94,{}
15,97,{}
15,98,{}
15,294,{}
15,236,{}
15,365,{}
15,336,{}
15,241,{}
15,115,{}
15,190,{}
15,118,{}
15,375,{}
15,124,{}
15,126,{}
16,386,{}
16,390,{}
16,17,{}
16,131,{}
16,22,{}
16,25,{}
16,283,{}
16,28,{}
16,31,{}
16,368,{}
16,35,{}
16,292,{}
16,38,{}
16,42,{}
16,171,{}
16,50,{}
16,55,{}
16,184,{}
16,58,{}
16,60,{}
16,193,{}
16,395,{}
16,196,{}
16,200,{}
16,268,{}
16,205,{}
16,141,{}
16,80,{}
16,163,{}
16,213,{}
16,348,{}
16,95,{}
16,145,{}
16,361,{}
16,387,{}
16,240,{}
16,339,{}
16,170,{}
17,128,{}
17,388,{}
17,129,{}
17,139,{}
17,143,{}
17,280,{}
17,274,{}
17,275,{}
17,21,{}
17,22,{}
17,24,{}
17,31,{}
17,32,{}
17,33,{}
17,162,{}
17,163,{}
17,36,{}
17,37,{}
17,295,{}
17,39,{}
17,168,{}
17,135,{}
17,44,{}
17,45,{}
17,46,{}
17,48,{}
17,50,{}
17,51,{}
17,54,{}
17,55,{}
17,184,{}
17,314,{}
17,159,{}
17,182,{}
17,332,{}
17,290,{}
17,81,{}
17,210,{}
17,211,{}
17,85,{}
17,86,{}
17,87,{}
17,88,{}
17,219,{}
17,220,{}
17,93,{}
17,165,{}
17,96,{}
17,144,{}
17,98,{}
17,99,{}
17,391,{}
17,230,{}
17,102,{}
17,360,{}
17,361,{}
17,106,{}
17,167,{}
17,253,{}
17,287,{}
17,339,{}
17,116,{}
17,245,{}
17,378,{}
17,234,{}
17,255,{}
18,389,{}
18,134,{}
18,321,{}
18,143,{}
18,272,{}
18,146,{}
18,20,{}
18,24,{}
18,26,{}
18,27,{}
18,29,{}
18,30,{}
18,159,{}
18,166,{}
18,170,{}
18,45,{}
18,46,{}
18,48,{}
18,243,{}
18,52,{}
18,186,{}
18,59,{}
18,266,{}
18,394,{}
18,193,{}
18,68,{}
18,331,{}
18,83,{}
18,85,{}
18,216,{}
18,92,{}
18,350,{}
18,96,{}
18,357,{}
18,231,{}
18,380,{}
18,370,{}
18,211,{}
18,116,{}
18,246,{}
18,121,{}
18,298,{}
18,124,{}
18,125,{}
19,384,{}
19,134,{}
19,22,{}
19,29,{}
19,34,{}
19,302,{}
19,47,{}
19,179,{}
19,393,{}
19,57,{}
19,61,{}
19,318,{}
19,192,{}
19,197,{}
19,78,{}
19,80,{}
19,209,{}
19,83,{}
19,218,{}
19,92,{}
19,94,{}
19,98,{}
19,107,{}
19,238,{}
19,251,{}
20,385,{}
20,133,{}
20,137,{}
20,386,{}
20,271,{}
20,148,{}
20,24,{}
20,324,{}
20,31,{}
20,389,{}
20,170,{}
20,327,{}
20,174,{}
20,58,{}
20,59,{}
20,316,{}
20,62,{}
20,191,{}
20,64,{}
20,68,{}
20,70,{}
20,199,{}
20,72,{}
20,77,{}
20,206,{}
20,208,{}
20,81,{}
20,90,{}
20,91,{}
20,186,{}
20,96,{}
20,105,{}
20,106,{}
20,109,{}
20,371,{}
20,375,{}
20,250,{}
20,380,{}
20,127,{}
21,150,{}
21,36,{}
21,293,{}
21,39,{}
21,177,{}
21,309,{}
21,57,{}
21,73,{}
21,74,{}
21,80,{}
21,82,{}
21,95,{}
21,224,{}
21,336,{}
21,357,{}
21,359,{}
21,234,{}
21,255,{}
22,385,{}
22,267,{}
22,270,{}
22,279,{}
22,24,{}
22,282,{}
22,27,{}
22,28,{}
22,32,{}
22,34,{}
22,174,{}
22,178,{}
22,179,{}
22,182,{}
22,59,{}
22,318,{}
22,288,{}
22,93,{}
22,131,{}
22,102,{}
22,231,{}
22,110,{}
23,256,{}
23,103,{}
23,140,{}
23,337,{}
23,51,{}
23,139,{}
23,381,{}
23,157,{}
24,129,{}
24,27,{}
24,284,{}
24,133,{}
24,289,{}
24,35,{}
24,40,{}
24,43,{}
24,47,{}
24,52,{}
24,283,{}
24,62,{}
24,76,{}
24,339,{}
24,225,{}
24,102,{}
24,239,{}
24,119,{}
24,122,{}
24,380,{}
25,32,{}
25,299,{}
25,272,{}
25,65,{}
25,33,{}
25,75,{}
25,322,{}
25,119,{}
25,295,{}
25,153,{}
25,58,{}
25,156,{}
25,255,{}
26,33,{}
26,394,{}
26,398,{}
26,125,{}
26,147,{}
26,52,{}
26,117,{}
26,378,{}
26,61,{}
26,30,{}
26,213,{}
27,164,{}
27,40,{}
27,309,{}
27,124,{}
28,196,{}
28,198,{}
28,227,{}
28,82,{}
28,179,{}
28,189,{}
29,285,{}
29,290,{}
29,163,{}
29,293,{}
29,40,{}
29,41,{}
29,301,{}
29,52,{}
29,58,{}
29,190,{}
29,65,{}
29,201,{}
29,211,{}
29,101,{}
29,366,{}
29,111,{}
29,118,{}
29,121,{}
30,133,{}
30,229,{}
30,104,{}
30,79,{}
30,48,{}
30,293,{}
30,339,{}
30,84,{}
30,46,{}
30,271,{}
30,93,{}
30,94,{}
30,31,{}
31,64,{}
31,163,{}
31,97,{}
31,105,{}
31,162,{}
31,268,{}
31,108,{}
31,349,{}
32,129,{}
32,387,{}
32,132,{}
32,262,{}
32,391,{}
32,265,{}
32,397,{}
32,286,{}
32,367,{}
32,346,{}
32,158,{}
32,33,{}
32,34,{}
32,35,{}
32,292,{}
32,38,{}
32,41,{}
32,42,{}
32,43,{}
32,44,{}
32,45,{}
32,303,{}
32,49,{}
32,51,{}
32,53,{}
32,201,{}
32,56,{}
32,58,{}
32,188,{}
32,63,{}
32,65,{}
32,324,{}
32,197,{}
32,373,{}
32,73,{}
32,76,{}
32,334,{}
32,79,{}
32,210,{}
32,213,{}
32,218,{}
32,219,{}
32,297,{}
32,251,{}
32,228,{}
32,294,{}
32,231,{}
32,379,{}
32,106,{}
32,108,{}
32,237,{}
32,239,{}
32,319,{}
32,114,{}
32,204,{}
32,245,{}
32,118,{}
32,247,{}
32,191,{}
32,298,{}
32,383,{}
33,258,{}
33,172,{}
33,269,{}
33,152,{}
33,290,{}
33,219,{}
33,164,{}
33,37,{}
33,294,{}
33,297,{}
33,43,{}
33,44,{}
33,351,{}
33,201,{}
33,56,{}
33,57,{}
33,59,{}
33,60,{}
33,138,{}
33,318,{}
33,288,{}
33,262,{}
33,68,{}
33,71,{}
33,73,{}
33,330,{}
33,82,{}
33,355,{}
33,377,{}
33,345,{}
33,91,{}
33,95,{}
33,354,{}
33,99,{}
33,230,{}
33,273,{}
33,104,{}
33,364,{}
33,237,{}
33,366,{}
33,240,{}
33,315,{}
33,122,{}
33,379,{}
33,382,{}
34,258,{}
34,386,{}
34,300,{}
34,142,{}
34,366,{}
34,281,{}
34,167,{}
34,42,{}
34,43,{}
34,44,{}
34,45,{}
34,175,{}
34,49,{}
34,178,{}
34,179,{}
34,52,{}
34,53,{}
34,182,{}
34,244,{}
34,59,{}
34,63,{}
34,267,{}
34,71,{}
34,203,{}
34,206,{}
34,269,{}
34,209,{}
34,82,{}
34,356,{}
34,131,{}
34,106,{}
34,110,{}
34,116,{}
34,373,{}
34,119,{}
34,121,{}
34,124,{}
34,125,{}
35,387,{}
35,263,{}
35,268,{}
35,148,{}
35,302,{}
35,237,{}
35,292,{}
35,241,{}
35,41,{}
35,170,{}
35,174,{}
35,175,{}
35,176,{}
35,50,{}
35,310,{}
35,314,{}
35,188,{}
35,63,{}
35,321,{}
35,323,{}
35,328,{}
35,202,{}
35,77,{}
35,78,{}
35,335,{}
35,82,{}
35,211,{}
35,84,{}
35,225,{}
35,100,{}
35,104,{}
35,210,{}
35,239,{}
35,232,{}
35,116,{}
35,249,{}
35,191,{}
35,252,{}
35,125,{}
36,257,{}
36,392,{}
36,278,{}
36,152,{}
36,154,{}
36,157,{}
36,289,{}
36,262,{}
36,38,{}
36,39,{}
36,296,{}
36,42,{}
36,44,{}
36,306,{}
36,175,{}
36,49,{}
36,50,{}
36,313,{}
36,65,{}
36,195,{}
36,201,{}
36,332,{}
36,205,{}
36,334,{}
36,207,{}
36,352,{}
36,210,{}
36,212,{}
36,85,{}
36,86,{}
36,88,{}
36,348,{}
36,349,{}
36,95,{}
36,96,{}
36,228,{}
36,357,{}
36,106,{}
36,107,{}
36,108,{}
36,369,{}
36,242,{}
36,243,{}
36,118,{}
36,298,{}
36,341,{}
37,128,{}
37,136,{}
37,277,{}
37,151,{}
37,158,{}
37,159,{}
37,42,{}
37,306,{}
37,174,{}
37,47,{}
37,264,{}
37,50,{}
37,54,{}
37,314,{}
37,317,{}
37,65,{}
37,326,{}
37,199,{}
37,78,{}
37,212,{}
37,86,{}
37,215,{}
37,91,{}
37,222,{}
38,275,{}
38,148,{}
38,286,{}
38,291,{}
38,310,{}
38,347,{}
38,64,{}
38,331,{}
38,208,{}
38,89,{}
38,218,{}
38,219,{}
38,233,{}
38,119,{}
38,251,{}
39,132,{}
39,135,{}
39,392,{}
39,143,{}
39,259,{}
39,150,{}
39,279,{}
39,153,{}
39,287,{}
39,291,{}
39,326,{}
39,166,{}
39,41,{}
39,300,{}
39,45,{}
39,176,{}
39,49,{}
39,306,{}
39,179,{}
39,53,{}
39,54,{}
39,393,{}
39,56,{}
39,186,{}
39,325,{}
39,330,{}
39,309,{}
39,320,{}
39,67,{}
39,69,{}
39,70,{}
39,201,{}
39,74,{}
39,203,{}
39,76,{}
39,205,{}
39,80,{}
39,338,{}
39,83,{}
39,90,{}
39,399,{}
39,92,{}
39,349,{}
39,99,{}
39,228,{}
39,101,{}
39,233,{}
39,234,{}
39,109,{}
39,114,{}
39,247,{}
39,121,{}
40,128,{}
40,389,{}
40,262,{}
40,156,{}
40,286,{}
40,298,{}
40,304,{}
40,66,{}
40,323,{}
40,328,{}
40,76,{}
40,79,{}
40,342,{}
40,215,{}
40,88,{}
40,220,{}
40,223,{}
40,235,{}
40,113,{}
40,120,{}
40,121,{}
40,250,{}
40,125,{}
40,255,{}
41,256,{}
41,135,{}
41,265,{}
41,194,{}
41,142,{}
41,144,{}
41,303,{}
41,146,{}
41,277,{}
41,239,{}
41,284,{}
41,42,{}
41,46,{}
41,47,{}
41,176,{}
41,307,{}
41,53,{}
41,183,{}
41,187,{}
41,60,{}
41,320,{}
41,66,{}
41,203,{}
41,327,{}
41,329,{}
41,75,{}
41,338,{}
41,84,{}
41,221,{}
41,222,{}
41,224,{}
41,188,{}
41,106,{}
41,108,{}
41,274,{}
41,111,{}
41,349,{}
41,248,{}
41,122,{}
42,261,{}
42,276,{}
42,279,{}
42,281,{}
42,165,{}
42,168,{}
42,61,{}
42,193,{}
42,202,{}
42,334,{}
42,208,{}
42,86,{}
42,98,{}
42,101,{}
42,108,{}
42,237,{}
42,244,{}
43,256,{}
43,260,{}
43,137,{}
43,273,{}
43,292,{}
43,52,{}
43,181,{}
43,314,{}
43,160,{}
43,68,{}
43,328,{}
43,74,{}
43,217,{}
43,351,{}
43,97,{}
43,100,{}
43,229,{}
43,112,{}
43,370,{}
43,117,{}
43,248,{}
43,123,{}
44,99,{}
44,69,{}
44,230,{}
44,81,{}
44,73,{}
44,234,{}
44,327,{}
44,332,{}
44,86,{}
44,377,{}
44,188,{}
44,330,{}
44,390,{}
45,129,{}
45,131,{}
45,132,{}
45,155,{}
45,157,{}
45,197,{}
45,50,{}
45,51,{}
45,312,{}
45,316,{}
45,63,{}
45,288,{}
45,324,{}
45,69,{}
45,74,{}
45,207,{}
45,208,{}
45,212,{}
45,215,{}
45,344,{}
45,219,{}
45,350,{}
45,223,{}
45,97,{}
45,355,{}
45,102,{}
45,167,{}
45,240,{}
45,244,{}
45,377,{}
46,263,{}
46,267,{}
46,295,{}
46,48,{}
46,186,{}
46,59,{}
46,63,{}
46,66,{}
46,197,{}
46,328,{}
46,329,{}
46,207,{}
46,342,{}
46,343,{}
46,94,{}
46,96,{}
46,99,{}
46,361,{}
46,107,{}
47,68,{}
47,134,{}
47,135,{}
47,98,{}
47,152,{}
47,142,{}
47,143,{}
47,261,{}
48,100,{}
48,229,{}
48,135,{}
48,73,{}
48,74,{}
48,77,{}
48,115,{}
48,276,{}
48,279,{}
48,372,{}
48,283,{}
48,138,{}
49,320,{}
49,259,{}
49,266,{}
49,139,{}
49,195,{}
49,278,{}
49,151,{}
49,161,{}
49,166,{}
49,53,{}
49,54,{}
49,188,{}
49,61,{}
49,64,{}
49,289,{}
49,334,{}
49,84,{}
49,94,{}
49,365,{}
49,239,{}
49,275,{}
49,244,{}
49,120,{}
50,129,{}
50,252,{}
50,171,{}
50,139,{}
50,175,{}
50,147,{}
50,117,{}
50,88,{}
50,251,{}
50,220,{}
50,157,{}
51,96,{}
51,130,{}
51,166,{}
51,332,{}
51,221,{}
51,264,{}
51,286,{}
51,280,{}
51,125,{}
51,62,{}
51,255,{}
52,328,{}
52,65,{}
52,282,{}
52,132,{}
52,200,{}
52,113,{}
52,147,{}
52,85,{}
52,169,{}
52,355,{}
52,156,{}
52,329,{}
53,166,{}
53,103,{}
53,353,{}
53,142,{}
53,329,{}
53,248,{}
53,282,{}
53,91,{}
53,381,{}
54,143,{}
54,145,{}
54,276,{}
54,169,{}
54,184,{}
54,195,{}
54,69,{}
54,77,{}
54,84,{}
54,355,{}
54,358,{}
54,273,{}
54,240,{}
54,113,{}
54,124,{}
55,268,{}
55,274,{}
55,152,{}
55,156,{}
55,287,{}
55,295,{}
55,159,{}
55,189,{}
55,71,{}
55,75,{}
55,89,{}
55,349,{}
55,107,{}
55,243,{}
55,250,{}
55,251,{}
55,381,{}
56,228,{}
56,336,{}
56,177,{}
56,148,{}
56,311,{}
56,367,{}
56,252,{}
56,221,{}
57,347,{}
57,170,{}
57,109,{}
57,146,{}
57,191,{}
57,117,{}
58,326,{}
58,73,{}
58,214,{}
58,348,{}
58,383,{}
59,197,{}
59,71,{}
59,72,{}
59,207,{}
59,256,{}
59,311,{}
59,399,{}
59,60,{}
59,381,{}
60,261,{}
60,238,{}
61,195,{}
61,148,{}
61,93,{}
61,319,{}
62,193,{}
62,115,{}
62,214,{}
62,70,{}
62,111,{}
62,77,{}
62,273,{}
62,147,{}
62,203,{}
62,91,{}
62,376,{}
62,126,{}
62,191,{}
64,113,{}
64,71,{}
64,73,{}
64,203,{}
64,305,{}
64,175,{}
64,112,{}
64,278,{}
64,127,{}
64,395,{}
64,298,{}
64,158,{}
65,257,{}
65,259,{}
65,270,{}
65,153,{}
65,154,{}
65,285,{}
65,69,{}
65,300,{}
65,267,{}
65,325,{}
65,333,{}
65,78,{}
65,92,{}
65,236,{}
65,242,{}
65,373,{}
65,121,{}
66,137,{}
66,145,{}
66,146,{}
66,156,{}
66,301,{}
66,187,{}
66,75,{}
66,397,{}
66,210,{}
66,217,{}
66,218,{}
66,92,{}
66,97,{}
66,109,{}
66,368,{}
67,261,{}
67,74,{}
67,72,{}
68,134,{}
68,165,{}
68,172,{}
68,176,{}
68,69,{}
68,70,{}
68,71,{}
68,74,{}
68,83,{}
68,214,{}
68,223,{}
68,356,{}
68,235,{}
68,109,{}
68,111,{}
68,370,{}
68,276,{}
68,378,{}
68,380,{}
69,237,{}
69,327,{}
69,299,{}
69,113,{}
69,369,{}
69,115,{}
69,119,{}
69,260,{}
69,90,{}
69,123,{}
69,297,{}
70,165,{}
70,204,{}
70,269,{}
70,207,{}
70,273,{}
70,114,{}
70,190,{}
70,184,{}
70,399,{}
70,221,{}
71,278,{}
71,169,{}
71,87,{}
71,175,{}
71,81,{}
71,114,{}
71,212,{}
71,182,{}
71,316,{}
71,221,{}
72,130,{}
72,182,{}
72,278,{}
72,347,{}
73,331,{}
73,326,{}
73,102,{}
73,107,{}
73,397,{}
73,238,{}
73,399,{}
73,296,{}
73,384,{}
73,307,{}
73,359,{}
73,317,{}
73,277,{}
74,258,{}
74,395,{}
74,196,{}
74,161,{}
74,163,{}
74,318,{}
74,325,{}
74,95,{}
74,353,{}
74,104,{}
74,369,{}
74,114,{}
74,374,{}
74,249,{}
74,123,{}
75,140,{}
75,194,{}
75,141,{}
75,156,{}
75,157,{}
75,158,{}
75,305,{}
75,286,{}
75,187,{}
75,196,{}
75,322,{}
75,205,{}
75,79,{}
75,221,{}
75,226,{}
75,104,{}
75,363,{}
75,238,{}
75,368,{}
75,232,{}
75,118,{}
75,123,{}
75,252,{}
76,129,{}
76,265,{}
76,155,{}
76,287,{}
76,289,{}
76,302,{}
76,333,{}
76,82,{}
76,216,{}
76,230,{}
76,361,{}
76,364,{}
76,296,{}
76,383,{}
77,257,{}
77,137,{}
77,138,{}
77,139,{}
77,268,{}
77,149,{}
77,284,{}
77,162,{}
77,172,{}
77,177,{}
77,187,{}
77,331,{}
77,355,{}
77,227,{}
77,100,{}
77,232,{}
77,236,{}
77,367,{}
77,112,{}
77,385,{}
77,120,{}
78,226,{}
78,111,{}
78,241,{}
78,116,{}
78,298,{}
79,187,{}
79,133,{}
79,262,{}
79,103,{}
79,109,{}
79,209,{}
79,84,{}
79,169,{}
79,394,{}
79,91,{}
79,330,{}
80,130,{}
80,245,{}
80,132,{}
80,386,{}
80,135,{}
80,110,{}
80,150,{}
80,283,{}
80,127,{}
81,107,{}
81,170,{}
81,103,{}
81,130,{}
81,208,{}
81,374,{}
81,87,{}
81,185,{}
81,207,{}
81,92,{}
81,93,{}
81,126,{}
81,127,{}
82,288,{}
82,294,{}
82,336,{}
82,177,{}
82,269,{}
82,374,{}
82,253,{}
83,265,{}
83,375,{}
83,98,{}
83,373,{}
83,249,{}
83,164,{}
83,90,{}
83,218,{}
83,383,{}
84,232,{}
84,107,{}
84,133,{}
85,289,{}
85,99,{}
85,101,{}
85,102,{}
85,363,{}
85,365,{}
85,376,{}
85,154,{}
85,251,{}
85,124,{}
85,357,{}
86,129,{}
86,386,{}
86,139,{}
86,398,{}
86,259,{}
86,153,{}
86,190,{}
86,321,{}
86,195,{}
86,324,{}
86,89,{}
86,90,{}
86,116,{}
86,119,{}
86,378,{}
87,384,{}
87,97,{}
87,298,{}
87,140,{}
87,237,{}
87,174,{}
87,345,{}
87,292,{}
87,155,{}
87,138,{}
88,133,{}
88,212,{}
88,377,{}
88,122,{}
88,93,{}
89,122,{}
90,161,{}
90,147,{}
90,104,{}
90,270,{}
90,338,{}
90,227,{}
90,247,{}
90,334,{}
90,277,{}
91,390,{}
91,130,{}
91,340,{}
91,221,{}
91,127,{}
92,160,{}
92,179,{}
92,274,{}
92,269,{}
92,111,{}
92,112,{}
92,110,{}
92,249,{}
92,252,{}
92,126,{}
93,293,{}
93,169,{}
93,146,{}
93,218,{}
94,213,{}
95,193,{}
95,140,{}
95,141,{}
96,103,{}
96,364,{}
97,323,{}
97,162,{}
97,264,{}
97,236,{}
97,108,{}
97,291,{}
97,147,{}
97,308,{}
97,371,{}
97,346,{}
97,191,{}
97,316,{}
97,285,{}
98,128,{}
98,148,{}
98,165,{}
98,180,{}
98,185,{}
98,315,{}
98,202,{}
98,398,{}
98,100,{}
98,102,{}
98,233,{}
98,366,{}
98,242,{}
98,115,{}
98,379,{}
98,124,{}
98,382,{}
99,268,{}
99,103,{}
99,385,{}
99,306,{}
99,378,{}
99,188,{}
100,101,{}
100,337,{}
100,393,{}
100,177,{}
100,120,{}
100,121,{}
101,201,{}
101,150,{}
101,332,{}
101,155,{}
102,376,{}
102,198,{}
102,266,{}
102,140,{}
102,240,{}
102,274,{}
102,116,{}
102,215,{}
102,281,{}
102,251,{}
102,377,{}
102,213,{}
103,230,{}
103,273,{}
103,267,{}
103,204,{}
103,162,{}
103,335,{}
103,307,{}
103,246,{}
103,187,{}
103,284,{}
103,338,{}
103,318,{}
103,255,{}
104,290,{}
104,388,{}
104,161,{}
104,259,{}
104,205,{}
104,321,{}
104,331,{}
104,114,{}
104,225,{}
104,348,{}
104,362,{}
104,383,{}
105,352,{}
105,311,{}
105,308,{}
105,333,{}
105,142,{}
105,144,{}
105,287,{}
105,306,{}
105,249,{}
105,361,{}
105,244,{}
105,155,{}
105,284,{}
106,291,{}
106,175,{}
106,172,{}
106,248,{}
106,158,{}
107,193,{}
107,294,{}
107,342,{}
107,347,{}
108,291,{}
108,325,{}
108,225,{}
108,296,{}
108,391,{}
108,317,{}
108,280,{}
108,370,{}
108,202,{}
108,392,{}
108,138,{}
108,190,{}
109,133,{}
109,235,{}
109,173,{}
109,242,{}
109,308,{}
109,311,{}
109,271,{}
109,316,{}
109,126,{}
110,394,{}
110,139,{}
110,144,{}
110,146,{}
110,163,{}
110,167,{}
110,177,{}
110,190,{}
110,206,{}
110,210,{}
110,346,{}
110,351,{}
110,230,{}
110,231,{}
111,224,{}
111,320,{}
111,201,{}
111,264,{}
111,172,{}
111,221,{}
111,222,{}
111,243,{}
111,329,{}
111,126,{}
111,398,{}
111,154,{}
112,193,{}
112,163,{}
112,168,{}
112,220,{}
112,374,{}
112,365,{}
112,380,{}
112,314,{}
112,271,{}
113,192,{}
113,199,{}
113,146,{}
113,371,{}
113,358,{}
113,220,{}
114,290,{}
114,259,{}
114,325,{}
114,393,{}
114,183,{}
114,327,{}
114,123,{}
115,165,{}
115,203,{}
115,238,{}
115,340,{}
115,254,{}
115,183,{}
115,217,{}
115,350,{}
115,315,{}
115,125,{}
116,261,{}
116,137,{}
116,166,{}
116,266,{}
116,198,{}
116,199,{}
116,337,{}
116,206,{}
116,216,{}
116,353,{}
116,358,{}
116,241,{}
116,242,{}
116,246,{}
116,379,{}
117,160,{}
117,195,{}
117,137,{}
117,174,{}
117,180,{}
117,302,{}
117,125,{}
118,209,{}
118,305,{}
118,189,{}
118,371,{}
119,331,{}
119,277,{}
119,191,{}
119,381,{}
119,126,{}
120,128,{}
120,160,{}
120,145,{}
120,304,{}
120,256,{}
120,312,{}
121,149,{}
122,131,{}
122,184,{}
123,131,{}
124,224,{}
124,356,{}
124,199,{}
124,359,{}
124,308,{}
124,309,{}
125,343,{}
125,250,{}
126,329,{}
126,331,{}
127,271,{}
127,281,{}
128,192,{}
128,164,{}
128,366,{}
128,351,{}
128,180,{}
128,319,{}
128,349,{}
128,159,{}
129,292,{}
129,261,{}
129,396,{}
129,171,{}
129,212,{}
129,277,{}
129,154,{}
130,160,{}
130,162,{}
130,356,{}
130,137,{}
130,185,{}
131,283,{}
131,294,{}
131,184,{}
131,348,{}
132,144,{}
132,229,{}
132,233,{}
132,301,{}
132,213,{}
132,182,{}
132,248,{}
132,345,{}
132,383,{}
132,330,{}
132,318,{}
132,245,{}
133,295,{}
133,177,{}
133,209,{}
133,235,{}
133,254,{}
133,185,{}
133,284,{}
133,373,{}
134,257,{}
134,144,{}
134,160,{}
134,296,{}
134,136,{}
134,189,{}
134,206,{}
134,334,{}
134,214,{}
134,346,{}
134,227,{}
134,232,{}
134,236,{}
134,368,{}
135,389,{}
135,142,{}
135,149,{}
135,150,{}
135,152,{}
135,176,{}
135,173,{}
135,322,{}
135,375,{}
135,338,{}
135,213,{}
135,216,{}
135,218,{}
135,223,{}
135,360,{}
135,297,{}
136,297,{}
136,258,{}
136,272,{}
136,181,{}
136,342,{}
136,151,{}
136,183,{}
136,158,{}
137,385,{}
137,235,{}
137,228,{}
137,166,{}
137,389,{}
137,356,{}
137,305,{}
137,379,{}
137,260,{}
138,160,{}
138,164,{}
138,332,{}
138,202,{}
138,367,{}
138,312,{}
138,155,{}
138,190,{}
139,267,{}
139,297,{}
139,151,{}
139,364,{}
139,157,{}
140,376,{}
140,252,{}
140,141,{}
140,273,{}
140,275,{}
140,372,{}
140,301,{}
140,153,{}
140,207,{}
140,151,{}
140,313,{}
140,265,{}
141,362,{}
141,205,{}
141,247,{}
141,347,{}
141,187,{}
141,378,{}
142,228,{}
142,216,{}
142,217,{}
143,390,{}
143,225,{}
143,250,{}
143,155,{}
143,189,{}
144,279,{}
144,167,{}
144,324,{}
144,287,{}
145,150,{}
145,375,{}
145,148,{}
145,365,{}
145,156,{}
146,236,{}
146,226,{}
146,195,{}
146,270,{}
146,250,{}
146,346,{}
146,318,{}
147,301,{}
147,213,{}
147,247,{}
148,170,{}
148,285,{}
148,274,{}
148,275,{}
148,149,{}
148,345,{}
148,220,{}
149,212,{}
149,358,{}
149,254,{}
150,320,{}
151,171,{}
151,260,{}
151,380,{}
152,178,{}
152,286,{}
152,222,{}
153,196,{}
153,265,{}
153,200,{}
153,242,{}
153,216,{}
154,227,{}
155,225,{}
155,209,{}
155,246,{}
156,246,{}
156,390,{}
156,370,{}
156,182,{}
156,325,{}
157,354,{}
157,299,{}
159,192,{}
160,269,{}
160,307,{}
160,279,{}
160,181,{}
161,233,{}
161,396,{}
161,176,{}
161,227,{}
161,373,{}
161,168,{}
162,354,{}
162,204,{}
162,173,{}
163,229,{}
163,198,{}
163,303,{}
163,180,{}
164,351,{}
165,256,{}
165,243,{}
165,391,{}
165,399,{}
165,178,{}
166,288,{}
166,194,{}
166,266,{}
166,303,{}
166,304,{}
166,278,{}
166,241,{}
166,281,{}
166,282,{}
166,367,{}
166,382,{}
167,368,{}
167,177,{}
167,371,{}
167,309,{}
167,319,{}
167,184,{}
167,231,{}
168,172,{}
168,371,{}
168,313,{}
169,355,{}
169,330,{}
169,247,{}
170,388,{}
170,251,{}
170,270,{}
170,278,{}
170,250,{}
170,219,{}
170,345,{}
171,306,{}
171,310,{}
171,344,{}
171,348,{}
172,229,{}
173,194,{}
173,263,{}
173,328,{}
173,379,{}
173,381,{}
173,222,{}
173,223,{}
175,203,{}
176,236,{}
176,210,{}
176,178,{}
176,215,{}
176,233,{}
177,354,{}
177,231,{}
177,343,{}
177,316,{}
177,285,{}
177,382,{}
178,355,{}
178,391,{}
178,350,{}
178,347,{}
178,286,{}
179,384,{}
179,390,{}
179,237,{}
179,277,{}
180,217,{}
181,386,{}
181,194,{}
181,317,{}
182,294,{}
183,330,{}
183,206,{}
183,349,{}
184,189,{}
186,263,{}
186,328,{}
187,295,{}
187,333,{}
187,327,{}
188,226,{}
188,357,{}
189,231,{}
189,295,{}
189,282,{}
192,283,{}
192,393,{}
192,263,{}
192,397,{}
192,215,{}
192,233,{}
193,226,{}
193,206,{}
193,305,{}
193,276,{}
193,302,{}
193,347,{}
194,254,{}
195,264,{}
195,285,{}
195,240,{}
195,372,{}
195,196,{}
195,314,{}
197,224,{}
197,257,{}
197,333,{}
197,346,{}
198,201,{}
198,301,{}
199,264,{}
199,372,{}
199,204,{}
199,227,{}
199,396,{}
199,222,{}
200,352,{}
200,322,{}
200,291,{}
200,228,{}
200,335,{}
200,319,{}
201,354,{}
201,387,{}
201,224,{}
202,323,{}
202,243,{}
202,306,{}
202,234,{}
202,382,{}
203,320,{}
203,259,{}
203,305,{}
203,309,{}
203,246,{}
203,313,{}
204,320,{}
204,353,{}
205,249,{}
206,260,{}
206,340,{}
206,297,{}
206,336,{}
206,382,{}
207,288,{}
207,339,{}
207,310,{}
207,380,{}
208,337,{}
208,381,{}
208,376,{}
208,219,{}
208,298,{}
209,235,{}
209,373,{}
209,341,{}
209,350,{}
210,341,{}
210,280,{}
212,278,{}
213,299,{}
213,247,{}
214,243,{}
214,279,{}
214,248,{}
215,339,{}
215,246,{}
215,283,{}
215,362,{}
215,255,{}
216,230,{}
216,241,{}
216,302,{}
216,249,{}
216,377,{}
217,326,{}
217,372,{}
217,244,{}
219,290,{}
220,371,{}
220,345,{}
221,274,{}
221,222,{}
222,307,{}
223,370,{}
224,386,{}
224,265,{}
224,264,{}
224,250,{}
224,314,{}
225,362,{}
225,275,{}
226,227,{}
226,274,{}
226,241,{}
226,238,{}
226,344,{}
226,345,{}
226,341,{}
227,235,{}
228,268,{}
228,279,{}
228,319,{}
229,352,{}
229,234,{}
229,387,{}
229,341,{}
230,311,{}
230,282,{}
231,358,{}
231,296,{}
231,394,{}
231,299,{}
232,360,{}
232,372,{}
233,236,{}
233,315,{}
233,257,{}
234,361,{}
234,359,{}
234,244,{}
234,378,{}
234,383,{}
235,308,{}
235,356,{}
236,257,{}
236,339,{}
236,393,{}
237,304,{}
237,384,{}
237,284,{}
239,388,{}
239,360,{}
239,338,{}
240,269,{}
240,343,{}
241,335,{}
242,359,{}
242,254,{}
243,335,{}
243,254,{}
244,261,{}
244,253,{}
244,316,{}
245,326,{}
245,337,{}
245,324,{}
245,391,{}
245,292,{}
246,294,{}
247,272,{}
248,333,{}
249,299,{}
249,285,{}
250,388,{}
250,310,{}
251,343,{}
251,266,{}
252,290,{}
252,276,{}
253,277,{}
254,359,{}
254,340,{}
256,399,{}
256,312,{}
256,357,{}
257,321,{}
258,353,{}
258,319,{}
259,321,{}
260,380,{}
260,297,{}
261,358,{}
261,360,{}
261,366,{}
262,365,{}
262,374,{}
263,352,{}
263,325,{}
263,328,{}
263,337,{}
263,374,{}
263,347,{}
264,323,{}
264,327,{}
264,308,{}
265,304,{}
265,382,{}
268,331,{}
268,395,{}
269,354,{}
269,360,{}
270,393,{}
270,299,{}
270,280,{}
271,321,{}
271,293,{}
273,332,{}
273,334,{}
273,372,{}
273,351,{}
274,285,{}
275,389,{}
277,388,{}
277,296,{}
277,333,{}
278,363,{}
278,367,{}
279,330,{}
280,336,{}
282,322,{}
282,305,{}
282,303,{}
284,287,{}
288,303,{}
289,344,{}
289,323,{}
289,357,{}
289,387,{}
289,362,{}
289,309,{}
290,376,{}
291,322,{}
291,335,{}
291,341,{}
292,343,{}
292,398,{}
292,312,{}
293,354,{}
293,388,{}
294,340,{}
294,303,{}
295,350,{}
296,375,{}
296,396,{}
298,322,{}
298,353,{}
299,352,{}
300,358,{}
300,356,{}
300,344,{}
301,387,{}
301,337,{}
302,357,{}
303,335,{}
303,361,{}
304,384,{}
304,312,{}
307,310,{}
308,356,{}
308,394,{}
309,395,{}
309,375,{}
309,313,{}
311,385,{}
312,367,{}
313,369,{}
319,363,{}
320,363,{}
322,384,{}
322,397,{}
322,343,{}
325,334,{}
326,394,{}
328,362,{}
330,344,{}
332,387,{}
334,338,{}
340,362,{}
340,373,{}
344,367,{}
345,353,{}
345,392,{}
346,377,{}
350,363,{}
350,366,{}
356,396,{}
358,392,{}
360,372,{}
361,392,{}
363,365,{}
365,374,{}
368,391,{}
372,392,{}
372,396,{}
373,375,{}
374,377,{}
375,395,{}
384,397,{}
393,397,{}
398,399,{}
