0,770,{}
0,260,{}
0,6,{}
0,7,{}
0,21,{}
0,793,{}
0,24,{}
0,25,{}
0,27,{}
0,542,{}
0,35,{}
0,294,{}
0,170,{}
0,811,{}
0,46,{}
0,821,{}
0,54,{}
0,58,{}
0,61,{}
0,69,{}
0,327,{}
0,456,{}
0,75,{}
0,76,{}
0,77,{}
0,79,{}
0,80,{}
0,467,{}
0,86,{}
0,855,{}
0,88,{}
0,89,{}
0,90,{}
0,91,{}
0,96,{}
0,310,{}
0,999,{}
0,232,{}
0,364,{}
0,493,{}
0,110,{}
0,339,{}
0,245,{}
0,630,{}
0,120,{}
0,123,{}
0,252,{}
1,133,{}
1,226,{}
1,94,{}
1,13,{}
1,17,{}
1,27,{}
1,925,{}
1,926,{}
1,176,{}
1,548,{}
1,40,{}
1,41,{}
1,42,{}
1,45,{}
1,432,{}
1,52,{}
1,309,{}
1,823,{}
1,314,{}
1,59,{}
1,573,{}
1,62,{}
1,65,{}
1,66,{}
1,323,{}
1,68,{}
1,967,{}
1,73,{}
1,75,{}
1,77,{}
1,334,{}
1,79,{}
1,81,{}
1,82,{}
1,83,{}
1,980,{}
1,88,{}
1,221,{}
1,606,{}
1,96,{}
1,738,{}
1,99,{}
1,1041,{}
1,886,{}
1,890,{}
2,641,{}
2,132,{}
2,134,{}
2,10,{}
2,13,{}
2,14,{}
2,656,{}
2,665,{}
2,280,{}
2,25,{}
2,30,{}
2,671,{}
2,34,{}
2,40,{}
2,51,{}
2,59,{}
2,190,{}
2,63,{}
2,65,{}
2,66,{}
2,67,{}
2,68,{}
2,31,{}
2,74,{}
2,76,{}
2,77,{}
2,208,{}
2,210,{}
2,469,{}
2,89,{}
2,98,{}
2,753,{}
2,204,{}
2,153,{}
2,636,{}
2,4,{}
3,640,{}
3,263,{}
3,777,{}
3,907,{}
3,13,{}
3,15,{}
3,19,{}
3,20,{}
3,26,{}
3,28,{}
3,29,{}
3,670,{}
3,31,{}
3,801,{}
3,34,{}
3,37,{}
3,295,{}
3,44,{}
3,46,{}
3,50,{}
3,179,{}
3,308,{}
3,438,{}
3,55,{}
3,436,{}
3,87,{}
3,828,{}
3,63,{}
3,65,{}
3,203,{}
3,499,{}
3,78,{}
3,81,{}
3,211,{}
3,84,{}
3,86,{}
3,983,{}
3,600,{}
3,97,{}
3,98,{}
3,613,{}
3,105,{}
3,493,{}
3,750,{}
3,754,{}
3,883,{}
3,504,{}
3,575,{}
3,447,{}
4,134,{}
4,9,{}
4,10,{}
4,11,{}
4,13,{}
4,16,{}
4,19,{}
4,46,{}
4,22,{}
4,24,{}
4,922,{}
4,924,{}
4,31,{}
4,39,{}
4,40,{}
4,940,{}
4,814,{}
4,59,{}
4,60,{}
4,62,{}
4,447,{}
4,67,{}
4,324,{}
4,69,{}
4,71,{}
4,73,{}
4,74,{}
4,716,{}
4,462,{}
4,85,{}
4,89,{}
4,347,{}
4,736,{}
4,97,{}
4,354,{}
4,236,{}
4,365,{}
4,552,{}
4,242,{}
4,629,{}
4,528,{}
4,889,{}
4,213,{}
5,897,{}
5,6,{}
5,7,{}
5,8,{}
5,45,{}
5,16,{}
5,920,{}
5,26,{}
5,544,{}
5,930,{}
5,37,{}
5,38,{}
5,40,{}
5,43,{}
5,685,{}
5,49,{}
5,50,{}
5,54,{}
5,182,{}
5,967,{}
5,1099,{}
5,76,{}
5,99,{}
5,85,{}
5,86,{}
5,87,{}
5,93,{}
5,95,{}
5,97,{}
5,483,{}
5,749,{}
5,881,{}
5,885,{}
5,633,{}
5,634,{}
6,129,{}
6,898,{}
6,900,{}
6,15,{}
6,16,{}
6,17,{}
6,786,{}
6,21,{}
6,792,{}
6,640,{}
6,27,{}
6,30,{}
6,31,{}
6,36,{}
6,38,{}
6,424,{}
6,44,{}
6,51,{}
6,53,{}
6,56,{}
6,61,{}
6,62,{}
6,926,{}
6,448,{}
6,71,{}
6,73,{}
6,77,{}
6,292,{}
6,95,{}
6,98,{}
6,881,{}
6,119,{}
6,63,{}
7,9,{}
7,523,{}
7,14,{}
7,18,{}
7,405,{}
7,23,{}
7,25,{}
7,26,{}
7,27,{}
7,29,{}
7,30,{}
7,291,{}
7,39,{}
7,40,{}
7,42,{}
7,45,{}
7,46,{}
7,49,{}
7,178,{}
7,56,{}
7,698,{}
7,316,{}
7,832,{}
7,68,{}
7,197,{}
7,209,{}
7,82,{}
7,84,{}
7,93,{}
7,862,{}
7,95,{}
7,736,{}
7,481,{}
7,747,{}
7,111,{}
7,628,{}
7,247,{}
7,765,{}
8,11,{}
8,45,{}
8,20,{}
8,534,{}
8,22,{}
8,30,{}
8,31,{}
8,550,{}
8,39,{}
8,41,{}
8,301,{}
8,46,{}
8,48,{}
8,56,{}
8,441,{}
8,60,{}
8,61,{}
8,62,{}
8,319,{}
8,65,{}
8,66,{}
8,579,{}
8,68,{}
8,71,{}
8,972,{}
8,716,{}
8,79,{}
8,466,{}
8,84,{}
8,85,{}
8,344,{}
8,847,{}
8,92,{}
8,96,{}
8,99,{}
8,996,{}
8,860,{}
8,874,{}
8,620,{}
8,888,{}
9,278,{}
9,812,{}
9,906,{}
9,12,{}
9,13,{}
9,429,{}
9,16,{}
9,22,{}
9,409,{}
9,25,{}
9,29,{}
9,901,{}
9,552,{}
9,41,{}
9,684,{}
9,45,{}
9,46,{}
9,688,{}
9,50,{}
9,52,{}
9,55,{}
9,59,{}
9,575,{}
9,65,{}
9,196,{}
9,74,{}
9,76,{}
9,78,{}
9,80,{}
9,465,{}
9,82,{}
9,85,{}
9,94,{}
9,96,{}
9,98,{}
9,870,{}
9,361,{}
9,469,{}
10,140,{}
10,16,{}
10,18,{}
10,660,{}
10,542,{}
10,34,{}
10,40,{}
10,43,{}
10,686,{}
10,563,{}
10,55,{}
10,58,{}
10,74,{}
10,63,{}
10,704,{}
10,68,{}
10,12,{}
10,458,{}
10,76,{}
10,77,{}
10,78,{}
10,79,{}
10,595,{}
10,84,{}
10,473,{}
10,335,{}
10,861,{}
10,94,{}
10,97,{}
10,887,{}
11,920,{}
11,19,{}
11,20,{}
11,22,{}
11,23,{}
11,24,{}
11,28,{}
11,29,{}
11,30,{}
11,543,{}
11,688,{}
11,163,{}
11,562,{}
11,815,{}
11,48,{}
11,50,{}
11,53,{}
11,55,{}
11,312,{}
11,186,{}
11,59,{}
11,60,{}
11,702,{}
11,64,{}
11,1089,{}
11,66,{}
11,710,{}
11,73,{}
11,77,{}
11,976,{}
11,596,{}
11,726,{}
11,856,{}
11,89,{}
11,858,{}
11,443,{}
11,237,{}
11,755,{}
11,381,{}
11,383,{}
12,257,{}
12,65,{}
12,904,{}
12,139,{}
12,14,{}
12,657,{}
12,19,{}
12,90,{}
12,21,{}
12,24,{}
12,155,{}
12,285,{}
12,31,{}
12,928,{}
12,35,{}
12,548,{}
12,38,{}
12,43,{}
12,48,{}
12,178,{}
12,222,{}
12,697,{}
12,321,{}
12,450,{}
12,67,{}
12,70,{}
12,72,{}
12,75,{}
12,76,{}
12,721,{}
12,57,{}
12,420,{}
12,730,{}
12,94,{}
12,868,{}
12,337,{}
12,103,{}
12,275,{}
12,373,{}
12,121,{}
12,378,{}
12,635,{}
12,895,{}
13,394,{}
13,66,{}
13,785,{}
13,19,{}
13,916,{}
13,661,{}
13,24,{}
13,260,{}
13,26,{}
13,29,{}
13,30,{}
13,675,{}
13,38,{}
13,39,{}
13,40,{}
13,43,{}
13,44,{}
13,45,{}
13,46,{}
13,946,{}
13,51,{}
13,286,{}
13,61,{}
13,62,{}
13,834,{}
13,67,{}
13,453,{}
13,72,{}
13,77,{}
13,82,{}
13,213,{}
13,86,{}
13,220,{}
13,96,{}
13,739,{}
13,104,{}
13,489,{}
13,492,{}
13,493,{}
13,501,{}
13,767,{}
14,128,{}
14,16,{}
14,915,{}
14,23,{}
14,25,{}
14,27,{}
14,28,{}
14,33,{}
14,35,{}
14,804,{}
14,549,{}
14,39,{}
14,47,{}
14,48,{}
14,50,{}
14,55,{}
14,570,{}
14,60,{}
14,61,{}
14,63,{}
14,194,{}
14,964,{}
14,481,{}
14,795,{}
14,74,{}
14,77,{}
14,79,{}
14,339,{}
14,91,{}
14,349,{}
14,609,{}
14,871,{}
14,488,{}
14,617,{}
14,757,{}
14,502,{}
14,506,{}
14,639,{}
15,256,{}
15,130,{}
15,642,{}
15,143,{}
15,144,{}
15,532,{}
15,24,{}
15,25,{}
15,26,{}
15,27,{}
15,924,{}
15,671,{}
15,35,{}
15,38,{}
15,412,{}
15,170,{}
15,44,{}
15,46,{}
15,48,{}
15,945,{}
15,52,{}
15,565,{}
15,54,{}
15,951,{}
15,444,{}
15,61,{}
15,702,{}
15,65,{}
15,72,{}
15,73,{}
15,74,{}
15,75,{}
15,78,{}
15,81,{}
15,594,{}
15,339,{}
15,597,{}
15,214,{}
15,218,{}
15,94,{}
15,863,{}
15,96,{}
15,97,{}
15,98,{}
15,350,{}
15,233,{}
15,189,{}
15,370,{}
15,499,{}
15,55,{}
16,19,{}
16,20,{}
16,21,{}
16,534,{}
16,24,{}
16,25,{}
16,22,{}
16,27,{}
16,30,{}
16,31,{}
16,33,{}
16,36,{}
16,646,{}
16,38,{}
16,92,{}
16,44,{}
16,51,{}
16,52,{}
16,54,{}
16,59,{}
16,406,{}
16,64,{}
16,705,{}
16,67,{}
16,196,{}
16,69,{}
16,72,{}
16,587,{}
16,973,{}
16,81,{}
16,86,{}
16,91,{}
16,860,{}
16,97,{}
16,491,{}
16,752,{}
16,887,{}
16,376,{}
17,18,{}
17,276,{}
17,22,{}
17,280,{}
17,409,{}
17,26,{}
17,28,{}
17,31,{}
17,162,{}
17,35,{}
17,422,{}
17,41,{}
17,554,{}
17,942,{}
17,48,{}
17,433,{}
17,947,{}
17,820,{}
17,53,{}
17,55,{}
17,56,{}
17,443,{}
17,60,{}
17,181,{}
17,320,{}
17,927,{}
17,69,{}
17,71,{}
17,73,{}
17,589,{}
17,979,{}
17,86,{}
17,733,{}
17,97,{}
17,876,{}
17,914,{}
17,114,{}
17,937,{}
17,125,{}
17,127,{}
18,131,{}
18,648,{}
18,271,{}
18,659,{}
18,24,{}
18,26,{}
18,541,{}
18,31,{}
18,32,{}
18,290,{}
18,36,{}
18,70,{}
18,38,{}
18,39,{}
18,810,{}
18,29,{}
18,1076,{}
18,55,{}
18,56,{}
18,287,{}
18,60,{}
18,68,{}
18,69,{}
18,710,{}
18,72,{}
18,73,{}
18,75,{}
18,674,{}
18,78,{}
18,83,{}
18,84,{}
18,85,{}
18,86,{}
18,88,{}
18,89,{}
18,378,{}
18,352,{}
18,98,{}
18,59,{}
18,934,{}
18,529,{}
18,104,{}
18,745,{}
18,664,{}
18,103,{}
18,110,{}
18,627,{}
18,249,{}
18,506,{}
18,443,{}
19,901,{}
19,44,{}
19,402,{}
19,531,{}
19,24,{}
19,25,{}
19,26,{}
19,540,{}
19,33,{}
19,34,{}
19,550,{}
19,43,{}
19,172,{}
19,46,{}
19,47,{}
19,48,{}
19,434,{}
19,948,{}
19,55,{}
19,442,{}
19,61,{}
19,65,{}
19,67,{}
19,69,{}
19,70,{}
19,457,{}
19,74,{}
19,76,{}
19,461,{}
19,970,{}
19,83,{}
19,84,{}
19,85,{}
19,88,{}
19,91,{}
19,92,{}
19,98,{}
19,651,{}
19,872,{}
19,907,{}
19,495,{}
19,626,{}
19,637,{}
20,772,{}
20,520,{}
20,140,{}
20,67,{}
20,23,{}
20,25,{}
20,27,{}
20,28,{}
20,31,{}
20,35,{}
20,39,{}
20,40,{}
20,297,{}
20,44,{}
20,45,{}
20,430,{}
20,55,{}
20,60,{}
20,61,{}
20,64,{}
20,66,{}
20,195,{}
20,502,{}
20,589,{}
20,590,{}
20,721,{}
20,85,{}
20,86,{}
20,988,{}
20,739,{}
20,998,{}
20,423,{}
20,707,{}
20,375,{}
20,121,{}
21,790,{}
21,67,{}
21,22,{}
21,536,{}
21,29,{}
21,160,{}
21,33,{}
21,547,{}
21,70,{}
21,167,{}
21,42,{}
21,173,{}
21,46,{}
21,48,{}
21,49,{}
21,54,{}
21,58,{}
21,59,{}
21,60,{}
21,62,{}
21,63,{}
21,64,{}
21,321,{}
21,66,{}
21,323,{}
21,838,{}
21,74,{}
21,76,{}
21,468,{}
21,95,{}
21,97,{}
21,99,{}
21,740,{}
21,749,{}
21,497,{}
21,1010,{}
21,659,{}
21,805,{}
22,384,{}
22,747,{}
22,134,{}
22,24,{}
22,900,{}
22,29,{}
22,798,{}
22,33,{}
22,34,{}
22,36,{}
22,37,{}
22,38,{}
22,43,{}
22,812,{}
22,45,{}
22,46,{}
22,306,{}
22,51,{}
22,949,{}
22,183,{}
22,57,{}
22,186,{}
22,187,{}
22,188,{}
22,445,{}
22,63,{}
22,704,{}
22,450,{}
22,395,{}
22,72,{}
22,437,{}
22,330,{}
22,76,{}
22,802,{}
22,82,{}
22,85,{}
22,441,{}
22,90,{}
22,477,{}
22,610,{}
22,700,{}
22,491,{}
22,877,{}
22,697,{}
22,503,{}
22,635,{}
23,387,{}
23,517,{}
23,390,{}
23,89,{}
23,24,{}
23,30,{}
23,31,{}
23,32,{}
23,33,{}
23,34,{}
23,36,{}
23,421,{}
23,39,{}
23,40,{}
23,170,{}
23,43,{}
23,56,{}
23,372,{}
23,64,{}
23,65,{}
23,450,{}
23,67,{}
23,68,{}
23,69,{}
23,75,{}
23,76,{}
23,80,{}
23,81,{}
23,83,{}
23,84,{}
23,86,{}
23,676,{}
23,90,{}
23,94,{}
23,223,{}
23,523,{}
23,482,{}
23,209,{}
23,295,{}
23,622,{}
23,1007,{}
23,849,{}
23,887,{}
23,377,{}
23,635,{}
24,918,{}
24,393,{}
24,793,{}
24,27,{}
24,38,{}
24,40,{}
24,348,{}
24,44,{}
24,558,{}
24,50,{}
24,53,{}
24,54,{}
24,184,{}
24,57,{}
24,58,{}
24,63,{}
24,65,{}
24,523,{}
24,69,{}
24,70,{}
24,71,{}
24,968,{}
24,970,{}
24,845,{}
24,80,{}
24,83,{}
24,84,{}
24,603,{}
24,732,{}
24,93,{}
24,94,{}
24,95,{}
24,96,{}
24,310,{}
24,358,{}
24,698,{}
24,104,{}
24,323,{}
25,778,{}
25,395,{}
25,409,{}
25,29,{}
25,32,{}
25,35,{}
25,36,{}
25,166,{}
25,935,{}
25,172,{}
25,302,{}
25,49,{}
25,53,{}
25,54,{}
25,56,{}
25,58,{}
25,59,{}
25,829,{}
25,63,{}
25,320,{}
25,198,{}
25,73,{}
25,74,{}
25,77,{}
25,78,{}
25,79,{}
25,84,{}
25,85,{}
25,625,{}
25,90,{}
25,91,{}
25,476,{}
25,96,{}
25,827,{}
25,358,{}
25,622,{}
25,369,{}
25,891,{}
26,384,{}
26,44,{}
26,522,{}
26,287,{}
26,32,{}
26,33,{}
26,34,{}
26,36,{}
26,40,{}
26,41,{}
26,43,{}
26,300,{}
26,47,{}
26,49,{}
26,57,{}
26,58,{}
26,543,{}
26,65,{}
26,70,{}
26,76,{}
26,75,{}
26,844,{}
26,77,{}
26,973,{}
26,336,{}
26,593,{}
26,83,{}
26,857,{}
26,135,{}
26,96,{}
26,993,{}
26,358,{}
26,744,{}
26,749,{}
26,496,{}
26,885,{}
27,516,{}
27,664,{}
27,789,{}
27,69,{}
27,325,{}
27,36,{}
27,37,{}
27,168,{}
27,45,{}
27,49,{}
27,52,{}
27,439,{}
27,57,{}
27,444,{}
27,322,{}
27,837,{}
27,71,{}
27,74,{}
27,75,{}
27,78,{}
27,79,{}
27,594,{}
27,83,{}
27,84,{}
27,215,{}
27,655,{}
27,733,{}
27,105,{}
27,880,{}
27,241,{}
27,882,{}
27,244,{}
27,246,{}
27,852,{}
27,510,{}
28,901,{}
28,653,{}
28,411,{}
28,30,{}
28,35,{}
28,41,{}
28,47,{}
28,48,{}
28,56,{}
28,62,{}
28,245,{}
28,449,{}
28,66,{}
28,70,{}
28,74,{}
28,397,{}
28,352,{}
28,724,{}
28,85,{}
28,86,{}
28,93,{}
28,224,{}
28,99,{}
28,487,{}
28,369,{}
28,318,{}
28,886,{}
28,84,{}
28,252,{}
29,773,{}
29,518,{}
29,917,{}
29,30,{}
29,31,{}
29,33,{}
29,197,{}
29,35,{}
29,38,{}
29,295,{}
29,41,{}
29,44,{}
29,46,{}
29,48,{}
29,50,{}
29,51,{}
29,53,{}
29,905,{}
29,57,{}
29,58,{}
29,443,{}
29,62,{}
29,963,{}
29,1093,{}
29,454,{}
29,712,{}
29,970,{}
29,77,{}
29,81,{}
29,99,{}
29,85,{}
29,483,{}
29,359,{}
29,236,{}
29,116,{}
29,763,{}
29,686,{}
29,725,{}
30,129,{}
30,643,{}
30,913,{}
30,672,{}
30,547,{}
30,37,{}
30,38,{}
30,168,{}
30,425,{}
30,42,{}
30,43,{}
30,46,{}
30,817,{}
30,52,{}
30,53,{}
30,54,{}
30,953,{}
30,59,{}
30,60,{}
30,573,{}
30,64,{}
30,67,{}
30,709,{}
30,200,{}
30,73,{}
30,77,{}
30,791,{}
30,82,{}
30,91,{}
30,92,{}
30,861,{}
30,94,{}
30,97,{}
30,391,{}
30,106,{}
30,752,{}
30,822,{}
30,255,{}
31,389,{}
31,521,{}
31,131,{}
31,792,{}
31,47,{}
31,926,{}
31,416,{}
31,34,{}
31,37,{}
31,551,{}
31,168,{}
31,44,{}
31,1071,{}
31,48,{}
31,945,{}
31,52,{}
31,60,{}
31,61,{}
31,63,{}
31,448,{}
31,67,{}
31,69,{}
31,71,{}
31,74,{}
31,75,{}
31,460,{}
31,981,{}
31,88,{}
31,601,{}
31,90,{}
31,93,{}
31,459,{}
31,96,{}
31,98,{}
31,997,{}
31,679,{}
31,492,{}
31,495,{}
31,246,{}
31,575,{}
31,127,{}
32,185,{}
32,800,{}
32,34,{}
32,39,{}
32,45,{}
32,50,{}
32,52,{}
32,951,{}
32,57,{}
32,59,{}
32,60,{}
32,62,{}
32,66,{}
32,68,{}
32,70,{}
32,73,{}
32,331,{}
32,76,{}
32,336,{}
32,81,{}
32,83,{}
32,86,{}
32,599,{}
32,88,{}
32,89,{}
32,91,{}
32,92,{}
32,93,{}
32,94,{}
32,609,{}
32,612,{}
32,188,{}
32,893,{}
32,702,{}
32,630,{}
32,55,{}
32,639,{}
32,637,{}
32,1023,{}
33,644,{}
33,406,{}
33,265,{}
33,779,{}
33,47,{}
33,38,{}
33,43,{}
33,44,{}
33,173,{}
33,942,{}
33,175,{}
33,51,{}
33,55,{}
33,56,{}
33,62,{}
33,63,{}
33,67,{}
33,69,{}
33,75,{}
33,78,{}
33,82,{}
33,213,{}
33,729,{}
33,92,{}
33,93,{}
33,479,{}
33,98,{}
33,495,{}
33,574,{}
33,1017,{}
34,136,{}
34,279,{}
34,653,{}
34,283,{}
34,538,{}
34,36,{}
34,37,{}
34,297,{}
34,938,{}
34,683,{}
34,429,{}
34,47,{}
34,48,{}
34,62,{}
34,757,{}
34,160,{}
34,68,{}
34,69,{}
34,72,{}
34,73,{}
34,848,{}
34,82,{}
34,84,{}
34,342,{}
34,87,{}
34,220,{}
34,97,{}
34,98,{}
34,874,{}
34,210,{}
34,239,{}
34,243,{}
34,756,{}
34,574,{}
34,765,{}
35,901,{}
35,920,{}
35,159,{}
35,550,{}
35,39,{}
35,553,{}
35,47,{}
35,436,{}
35,55,{}
35,57,{}
35,699,{}
35,60,{}
35,61,{}
35,574,{}
35,64,{}
35,65,{}
35,76,{}
35,212,{}
35,972,{}
35,77,{}
35,591,{}
35,82,{}
35,467,{}
35,84,{}
35,90,{}
35,399,{}
35,92,{}
35,96,{}
35,483,{}
35,356,{}
35,992,{}
35,1004,{}
35,239,{}
35,755,{}
35,911,{}
35,118,{}
35,375,{}
35,340,{}
35,895,{}
36,647,{}
36,393,{}
36,267,{}
36,66,{}
36,147,{}
36,660,{}
36,602,{}
36,928,{}
36,419,{}
36,677,{}
36,427,{}
36,50,{}
36,47,{}
36,99,{}
36,178,{}
36,53,{}
36,56,{}
36,57,{}
36,943,{}
36,575,{}
36,962,{}
36,79,{}
36,82,{}
36,83,{}
36,84,{}
36,87,{}
36,88,{}
36,89,{}
36,986,{}
36,58,{}
36,94,{}
36,95,{}
36,867,{}
36,999,{}
36,359,{}
36,366,{}
36,954,{}
36,254,{}
37,647,{}
37,524,{}
37,654,{}
37,69,{}
37,803,{}
37,293,{}
37,95,{}
37,43,{}
37,54,{}
37,56,{}
37,57,{}
37,58,{}
37,59,{}
37,64,{}
37,67,{}
37,581,{}
37,73,{}
37,77,{}
37,83,{}
37,85,{}
37,87,{}
37,857,{}
37,93,{}
37,94,{}
37,182,{}
37,994,{}
37,746,{}
38,898,{}
38,392,{}
38,778,{}
38,536,{}
38,532,{}
38,407,{}
38,43,{}
38,44,{}
38,50,{}
38,944,{}
38,49,{}
38,690,{}
38,563,{}
38,158,{}
38,54,{}
38,567,{}
38,952,{}
38,828,{}
38,61,{}
38,446,{}
38,831,{}
38,66,{}
38,211,{}
38,75,{}
38,80,{}
38,723,{}
38,86,{}
38,88,{}
38,90,{}
38,834,{}
38,95,{}
38,96,{}
38,958,{}
38,105,{}
38,371,{}
38,830,{}
38,1044,{}
38,764,{}
39,139,{}
39,783,{}
39,88,{}
39,900,{}
39,453,{}
39,418,{}
39,40,{}
39,41,{}
39,170,{}
39,43,{}
39,685,{}
39,47,{}
39,306,{}
39,52,{}
39,54,{}
39,60,{}
39,66,{}
39,68,{}
39,325,{}
39,70,{}
39,74,{}
39,75,{}
39,78,{}
39,79,{}
39,593,{}
39,82,{}
39,85,{}
39,87,{}
39,600,{}
39,719,{}
39,734,{}
39,97,{}
39,99,{}
39,612,{}
39,233,{}
39,747,{}
39,364,{}
39,763,{}
39,509,{}
39,725,{}
40,402,{}
40,541,{}
40,547,{}
40,296,{}
40,71,{}
40,797,{}
40,49,{}
40,53,{}
40,54,{}
40,570,{}
40,59,{}
40,62,{}
40,63,{}
40,64,{}
40,990,{}
40,309,{}
40,583,{}
40,840,{}
40,841,{}
40,74,{}
40,76,{}
40,79,{}
40,81,{}
40,595,{}
40,885,{}
40,91,{}
40,898,{}
40,96,{}
40,97,{}
40,615,{}
40,914,{}
40,494,{}
40,881,{}
40,629,{}
40,759,{}
41,897,{}
41,404,{}
41,663,{}
41,422,{}
41,92,{}
41,42,{}
41,172,{}
41,47,{}
41,48,{}
41,904,{}
41,52,{}
41,54,{}
41,265,{}
41,60,{}
41,65,{}
41,67,{}
41,69,{}
41,715,{}
41,76,{}
41,461,{}
41,976,{}
41,85,{}
41,91,{}
41,604,{}
41,1062,{}
41,360,{}
41,444,{}
41,106,{}
41,170,{}
42,133,{}
42,784,{}
42,662,{}
42,666,{}
42,431,{}
42,673,{}
42,91,{}
42,806,{}
42,43,{}
42,47,{}
42,49,{}
42,55,{}
42,56,{}
42,58,{}
42,829,{}
42,65,{}
42,577,{}
42,194,{}
42,72,{}
42,73,{}
42,842,{}
42,459,{}
42,76,{}
42,80,{}
42,696,{}
42,211,{}
42,84,{}
42,859,{}
42,348,{}
42,628,{}
42,886,{}
42,891,{}
43,386,{}
43,65,{}
43,665,{}
43,412,{}
43,517,{}
43,44,{}
43,685,{}
43,48,{}
43,50,{}
43,54,{}
43,560,{}
43,59,{}
43,63,{}
43,961,{}
43,68,{}
43,268,{}
43,76,{}
43,591,{}
43,81,{}
43,979,{}
43,85,{}
43,216,{}
43,98,{}
43,99,{}
43,616,{}
43,306,{}
43,621,{}
43,508,{}
43,381,{}
44,770,{}
44,517,{}
44,395,{}
44,145,{}
44,681,{}
44,45,{}
44,47,{}
44,816,{}
44,54,{}
44,56,{}
44,59,{}
44,63,{}
44,193,{}
44,67,{}
44,310,{}
44,967,{}
44,74,{}
44,79,{}
44,81,{}
44,514,{}
44,468,{}
44,853,{}
44,71,{}
44,96,{}
44,353,{}
44,98,{}
44,90,{}
44,97,{}
44,877,{}
44,879,{}
44,115,{}
44,374,{}
44,218,{}
44,656,{}
45,262,{}
45,408,{}
45,773,{}
45,880,{}
45,519,{}
45,686,{}
45,303,{}
45,76,{}
45,55,{}
45,61,{}
45,62,{}
45,64,{}
45,65,{}
45,451,{}
45,70,{}
45,71,{}
45,73,{}
45,588,{}
45,78,{}
45,82,{}
45,416,{}
45,341,{}
45,345,{}
45,91,{}
45,351,{}
45,99,{}
45,106,{}
45,240,{}
46,128,{}
46,398,{}
46,785,{}
46,90,{}
46,279,{}
46,65,{}
46,936,{}
46,171,{}
46,47,{}
46,48,{}
46,53,{}
46,59,{}
46,829,{}
46,62,{}
46,447,{}
46,705,{}
46,69,{}
46,73,{}
46,78,{}
46,79,{}
46,81,{}
46,82,{}
46,88,{}
46,89,{}
46,474,{}
46,719,{}
46,92,{}
46,611,{}
46,366,{}
46,495,{}
46,123,{}
46,541,{}
47,385,{}
47,65,{}
47,269,{}
47,917,{}
47,90,{}
47,160,{}
47,294,{}
47,555,{}
47,49,{}
47,51,{}
47,54,{}
47,55,{}
47,56,{}
47,415,{}
47,63,{}
47,577,{}
47,451,{}
47,71,{}
47,456,{}
47,631,{}
47,76,{}
47,418,{}
47,79,{}
47,312,{}
47,86,{}
47,856,{}
47,858,{}
47,91,{}
47,92,{}
47,989,{}
47,863,{}
47,99,{}
47,246,{}
47,937,{}
48,256,{}
48,130,{}
48,141,{}
48,528,{}
48,535,{}
48,289,{}
48,547,{}
48,70,{}
48,93,{}
48,689,{}
48,50,{}
48,51,{}
48,55,{}
48,64,{}
48,65,{}
48,66,{}
48,838,{}
48,77,{}
48,78,{}
48,83,{}
48,84,{}
48,526,{}
48,87,{}
48,484,{}
48,349,{}
48,95,{}
48,98,{}
48,99,{}
48,740,{}
48,596,{}
48,937,{}
48,760,{}
48,505,{}
48,85,{}
49,514,{}
49,268,{}
49,270,{}
49,790,{}
49,557,{}
49,560,{}
49,51,{}
49,693,{}
49,56,{}
49,57,{}
49,571,{}
49,447,{}
49,64,{}
49,69,{}
49,70,{}
49,455,{}
49,80,{}
49,466,{}
49,83,{}
49,853,{}
49,88,{}
49,89,{}
49,96,{}
49,592,{}
49,363,{}
49,850,{}
49,241,{}
49,375,{}
49,507,{}
49,637,{}
49,894,{}
50,520,{}
50,658,{}
50,669,{}
50,935,{}
50,169,{}
50,57,{}
50,61,{}
50,96,{}
50,68,{}
50,581,{}
50,75,{}
50,77,{}
50,80,{}
50,338,{}
50,83,{}
50,85,{}
50,88,{}
50,89,{}
50,608,{}
50,98,{}
50,597,{}
51,786,{}
51,789,{}
51,927,{}
51,305,{}
51,681,{}
51,558,{}
51,949,{}
51,54,{}
51,823,{}
51,953,{}
51,65,{}
51,66,{}
51,835,{}
51,324,{}
51,82,{}
51,84,{}
51,477,{}
51,95,{}
51,400,{}
51,484,{}
51,274,{}
51,882,{}
51,627,{}
51,761,{}
51,766,{}
52,384,{}
52,776,{}
52,791,{}
52,919,{}
52,539,{}
52,174,{}
52,701,{}
52,64,{}
52,65,{}
52,322,{}
52,202,{}
52,204,{}
52,77,{}
52,79,{}
52,86,{}
52,87,{}
52,911,{}
52,97,{}
52,355,{}
52,238,{}
52,367,{}
52,892,{}
52,511,{}
53,257,{}
53,98,{}
53,518,{}
53,264,{}
53,652,{}
53,910,{}
53,788,{}
53,281,{}
53,282,{}
53,285,{}
53,294,{}
53,426,{}
53,818,{}
53,55,{}
53,56,{}
53,57,{}
53,62,{}
53,64,{}
53,68,{}
53,73,{}
53,77,{}
53,78,{}
53,80,{}
53,86,{}
53,89,{}
53,864,{}
53,994,{}
53,99,{}
53,111,{}
53,881,{}
53,830,{}
53,502,{}
53,810,{}
54,262,{}
54,65,{}
54,395,{}
54,407,{}
54,671,{}
54,289,{}
54,930,{}
54,810,{}
54,427,{}
54,500,{}
54,414,{}
54,950,{}
54,312,{}
54,57,{}
54,186,{}
54,215,{}
54,833,{}
54,310,{}
54,71,{}
54,72,{}
54,714,{}
54,75,{}
54,77,{}
54,717,{}
54,593,{}
54,86,{}
54,569,{}
54,88,{}
54,89,{}
54,90,{}
54,91,{}
54,314,{}
54,806,{}
54,93,{}
54,903,{}
55,648,{}
55,282,{}
55,82,{}
55,823,{}
55,440,{}
55,58,{}
55,95,{}
55,63,{}
55,65,{}
55,68,{}
55,710,{}
55,72,{}
55,843,{}
55,332,{}
55,978,{}
55,83,{}
55,87,{}
55,399,{}
55,92,{}
55,735,{}
55,736,{}
55,488,{}
55,786,{}
55,240,{}
55,905,{}
55,143,{}
55,1066,{}
56,901,{}
56,521,{}
56,139,{}
56,532,{}
56,807,{}
56,560,{}
56,695,{}
56,312,{}
56,57,{}
56,61,{}
56,62,{}
56,64,{}
56,577,{}
56,66,{}
56,68,{}
56,69,{}
56,390,{}
56,711,{}
56,74,{}
56,75,{}
56,77,{}
56,79,{}
56,82,{}
56,84,{}
56,598,{}
56,88,{}
56,207,{}
56,93,{}
56,95,{}
56,96,{}
56,97,{}
56,357,{}
56,785,{}
56,106,{}
56,225,{}
56,289,{}
57,899,{}
57,142,{}
57,911,{}
57,406,{}
57,89,{}
57,943,{}
57,315,{}
57,957,{}
57,62,{}
57,63,{}
57,452,{}
57,74,{}
57,75,{}
57,974,{}
57,720,{}
57,82,{}
57,84,{}
57,86,{}
57,87,{}
57,88,{}
57,473,{}
57,93,{}
57,94,{}
57,95,{}
57,96,{}
57,481,{}
57,358,{}
57,113,{}
57,242,{}
57,116,{}
57,217,{}
58,525,{}
58,658,{}
58,924,{}
58,625,{}
58,808,{}
58,297,{}
58,59,{}
58,63,{}
58,582,{}
58,73,{}
58,74,{}
58,76,{}
58,710,{}
58,84,{}
58,89,{}
58,91,{}
58,92,{}
58,737,{}
58,98,{}
58,483,{}
58,876,{}
58,125,{}
58,680,{}
58,370,{}
58,243,{}
58,884,{}
58,443,{}
59,536,{}
59,158,{}
59,291,{}
59,947,{}
59,73,{}
59,61,{}
59,319,{}
59,329,{}
59,76,{}
59,205,{}
59,86,{}
59,88,{}
59,89,{}
59,91,{}
59,92,{}
59,93,{}
59,94,{}
59,677,{}
59,144,{}
59,98,{}
59,357,{}
59,359,{}
59,877,{}
59,631,{}
59,511,{}
60,578,{}
60,912,{}
60,536,{}
60,927,{}
60,161,{}
60,546,{}
60,559,{}
60,316,{}
60,63,{}
60,706,{}
60,579,{}
60,583,{}
60,74,{}
60,203,{}
60,98,{}
60,80,{}
60,83,{}
60,84,{}
60,85,{}
60,343,{}
60,985,{}
60,90,{}
60,94,{}
60,95,{}
60,96,{}
60,482,{}
60,638,{}
61,87,{}
61,780,{}
61,528,{}
61,926,{}
61,416,{}
61,932,{}
61,296,{}
61,682,{}
61,556,{}
61,798,{}
61,442,{}
61,672,{}
61,331,{}
61,78,{}
61,463,{}
61,849,{}
61,398,{}
61,471,{}
61,90,{}
61,731,{}
61,220,{}
61,97,{}
61,99,{}
61,424,{}
61,377,{}
61,469,{}
62,645,{}
62,513,{}
62,911,{}
62,177,{}
62,567,{}
62,64,{}
62,704,{}
62,75,{}
62,964,{}
62,710,{}
62,929,{}
62,311,{}
62,846,{}
62,79,{}
62,81,{}
62,724,{}
62,727,{}
62,89,{}
62,356,{}
62,871,{}
62,424,{}
62,762,{}
63,384,{}
63,647,{}
63,148,{}
63,151,{}
63,69,{}
63,553,{}
63,687,{}
63,816,{}
63,820,{}
63,64,{}
63,75,{}
63,325,{}
63,587,{}
63,590,{}
63,470,{}
63,87,{}
63,89,{}
63,954,{}
63,483,{}
63,104,{}
63,956,{}
63,745,{}
63,660,{}
64,896,{}
64,289,{}
64,164,{}
64,310,{}
64,957,{}
64,450,{}
64,68,{}
64,71,{}
64,328,{}
64,74,{}
64,565,{}
64,590,{}
64,82,{}
64,855,{}
64,728,{}
64,865,{}
64,747,{}
64,876,{}
64,277,{}
65,128,{}
65,900,{}
65,257,{}
65,653,{}
65,152,{}
65,914,{}
65,288,{}
65,174,{}
65,573,{}
65,67,{}
65,822,{}
65,72,{}
65,780,{}
65,74,{}
65,823,{}
65,77,{}
65,78,{}
65,909,{}
65,99,{}
65,981,{}
65,88,{}
65,90,{}
65,91,{}
65,94,{}
65,223,{}
65,227,{}
65,612,{}
65,519,{}
65,490,{}
65,242,{}
65,835,{}
65,298,{}
66,773,{}
66,787,{}
66,668,{}
66,182,{}
66,318,{}
66,67,{}
66,709,{}
66,70,{}
66,258,{}
66,77,{}
66,340,{}
66,86,{}
66,87,{}
66,88,{}
66,91,{}
66,92,{}
66,94,{}
66,96,{}
66,99,{}
66,294,{}
66,872,{}
67,902,{}
67,428,{}
67,139,{}
67,542,{}
67,91,{}
67,423,{}
67,691,{}
67,70,{}
67,69,{}
67,326,{}
67,969,{}
67,586,{}
67,75,{}
67,332,{}
67,77,{}
67,79,{}
67,597,{}
67,217,{}
67,463,{}
67,719,{}
67,95,{}
67,865,{}
67,227,{}
67,102,{}
67,116,{}
67,940,{}
68,512,{}
68,284,{}
68,475,{}
68,946,{}
68,373,{}
68,964,{}
68,69,{}
68,71,{}
68,72,{}
68,74,{}
68,75,{}
68,78,{}
68,336,{}
68,84,{}
68,85,{}
68,343,{}
68,88,{}
68,89,{}
68,987,{}
68,606,{}
68,96,{}
68,97,{}
68,379,{}
68,486,{}
68,103,{}
68,104,{}
68,114,{}
68,245,{}
68,575,{}
68,703,{}
69,148,{}
69,671,{}
69,552,{}
69,183,{}
69,315,{}
69,573,{}
69,578,{}
69,70,{}
69,97,{}
69,72,{}
69,75,{}
69,844,{}
69,77,{}
69,80,{}
69,83,{}
69,84,{}
69,85,{}
69,88,{}
69,94,{}
69,96,{}
69,225,{}
69,99,{}
69,619,{}
69,753,{}
69,499,{}
69,609,{}
69,632,{}
69,761,{}
69,891,{}
69,765,{}
70,260,{}
70,779,{}
70,401,{}
70,790,{}
70,922,{}
70,804,{}
70,166,{}
70,435,{}
70,351,{}
70,317,{}
70,191,{}
70,991,{}
70,72,{}
70,396,{}
70,98,{}
70,462,{}
70,80,{}
70,82,{}
70,83,{}
70,561,{}
70,851,{}
70,87,{}
70,89,{}
70,90,{}
70,93,{}
70,94,{}
70,95,{}
70,96,{}
70,866,{}
70,571,{}
70,871,{}
70,167,{}
70,494,{}
70,403,{}
70,117,{}
70,835,{}
71,768,{}
71,774,{}
71,650,{}
71,654,{}
71,813,{}
71,810,{}
71,564,{}
71,74,{}
71,971,{}
71,89,{}
71,995,{}
71,237,{}
72,129,{}
72,258,{}
72,775,{}
72,401,{}
72,531,{}
72,149,{}
72,919,{}
72,282,{}
72,283,{}
72,796,{}
72,923,{}
72,813,{}
72,559,{}
72,312,{}
72,321,{}
72,199,{}
72,1096,{}
72,969,{}
72,76,{}
72,80,{}
72,83,{}
72,87,{}
72,88,{}
72,90,{}
72,348,{}
72,96,{}
72,611,{}
72,743,{}
72,873,{}
72,73,{}
72,121,{}
73,935,{}
73,939,{}
73,558,{}
73,697,{}
73,831,{}
73,672,{}
73,454,{}
73,712,{}
73,74,{}
73,80,{}
73,82,{}
73,339,{}
73,84,{}
73,85,{}
73,86,{}
73,87,{}
73,223,{}
73,1056,{}
73,488,{}
73,121,{}
73,127,{}
74,769,{}
74,401,{}
74,786,{}
74,147,{}
74,152,{}
74,304,{}
74,162,{}
74,299,{}
74,941,{}
74,816,{}
74,521,{}
74,827,{}
74,207,{}
74,83,{}
74,84,{}
74,142,{}
74,826,{}
74,481,{}
74,98,{}
74,104,{}
74,879,{}
74,915,{}
74,635,{}
75,269,{}
75,657,{}
75,148,{}
75,413,{}
75,802,{}
75,686,{}
75,816,{}
75,955,{}
75,960,{}
75,908,{}
75,331,{}
75,76,{}
75,98,{}
75,82,{}
75,83,{}
75,85,{}
75,88,{}
75,90,{}
75,91,{}
75,610,{}
75,101,{}
75,486,{}
75,622,{}
75,595,{}
76,623,{}
76,916,{}
76,667,{}
76,668,{}
76,307,{}
76,444,{}
76,138,{}
76,650,{}
76,778,{}
76,923,{}
76,77,{}
76,78,{}
76,83,{}
76,92,{}
76,93,{}
76,865,{}
76,98,{}
76,570,{}
76,108,{}
76,701,{}
76,758,{}
76,298,{}
76,605,{}
77,259,{}
77,516,{}
77,540,{}
77,157,{}
77,161,{}
77,425,{}
77,498,{}
77,815,{}
77,955,{}
77,572,{}
77,832,{}
77,966,{}
77,584,{}
77,842,{}
77,81,{}
77,470,{}
77,728,{}
77,93,{}
77,98,{}
77,99,{}
77,491,{}
77,1004,{}
77,440,{}
77,626,{}
77,884,{}
77,315,{}
77,122,{}
77,582,{}
78,519,{}
78,784,{}
78,451,{}
78,170,{}
78,172,{}
78,192,{}
78,579,{}
78,81,{}
78,88,{}
78,473,{}
78,93,{}
78,97,{}
78,228,{}
78,274,{}
78,554,{}
79,641,{}
79,300,{}
79,276,{}
79,666,{}
79,157,{}
79,675,{}
79,561,{}
79,314,{}
79,428,{}
79,189,{}
79,706,{}
79,839,{}
79,713,{}
79,589,{}
79,85,{}
79,88,{}
79,89,{}
79,988,{}
79,93,{}
79,94,{}
79,97,{}
79,741,{}
79,103,{}
79,748,{}
79,763,{}
79,380,{}
80,769,{}
80,515,{}
80,388,{}
80,396,{}
80,909,{}
80,275,{}
80,174,{}
80,768,{}
80,427,{}
80,814,{}
80,187,{}
80,829,{}
80,578,{}
80,329,{}
80,842,{}
80,717,{}
80,82,{}
80,979,{}
80,84,{}
80,90,{}
80,603,{}
80,92,{}
80,93,{}
80,96,{}
80,866,{}
80,99,{}
80,233,{}
80,750,{}
80,383,{}
81,256,{}
81,641,{}
81,1051,{}
81,163,{}
81,301,{}
81,176,{}
81,691,{}
81,94,{}
81,850,{}
81,83,{}
81,984,{}
81,91,{}
81,93,{}
81,222,{}
81,95,{}
81,98,{}
81,99,{}
81,114,{}
81,629,{}
81,124,{}
82,896,{}
82,537,{}
82,540,{}
82,933,{}
82,938,{}
82,683,{}
82,944,{}
82,699,{}
82,576,{}
82,965,{}
82,83,{}
82,966,{}
82,217,{}
82,97,{}
82,98,{}
82,996,{}
82,101,{}
82,230,{}
82,890,{}
82,251,{}
82,125,{}
83,261,{}
83,87,{}
83,529,{}
83,90,{}
83,154,{}
83,667,{}
83,668,{}
83,410,{}
83,94,{}
83,694,{}
83,697,{}
83,186,{}
83,835,{}
83,931,{}
83,86,{}
83,855,{}
83,88,{}
83,346,{}
83,604,{}
83,861,{}
83,478,{}
83,700,{}
83,884,{}
83,489,{}
83,250,{}
84,130,{}
84,777,{}
84,834,{}
84,948,{}
84,703,{}
84,192,{}
84,322,{}
84,707,{}
84,631,{}
84,844,{}
84,718,{}
84,846,{}
84,86,{}
84,600,{}
84,89,{}
84,476,{}
84,222,{}
84,828,{}
84,875,{}
84,146,{}
84,873,{}
84,835,{}
84,1020,{}
84,810,{}
85,906,{}
85,651,{}
85,782,{}
85,277,{}
85,544,{}
85,675,{}
85,181,{}
85,826,{}
85,831,{}
85,201,{}
85,971,{}
85,859,{}
85,98,{}
85,100,{}
85,485,{}
85,975,{}
85,362,{}
86,129,{}
86,545,{}
86,687,{}
86,568,{}
86,959,{}
86,321,{}
86,836,{}
86,841,{}
86,202,{}
86,465,{}
86,214,{}
86,87,{}
86,93,{}
86,862,{}
86,607,{}
86,480,{}
86,99,{}
86,614,{}
86,618,{}
86,96,{}
86,758,{}
86,253,{}
87,396,{}
87,400,{}
87,152,{}
87,854,{}
87,795,{}
87,285,{}
87,368,{}
87,156,{}
87,576,{}
87,842,{}
87,183,{}
87,582,{}
87,335,{}
87,342,{}
87,728,{}
87,90,{}
87,732,{}
87,605,{}
87,496,{}
87,503,{}
88,393,{}
88,792,{}
88,538,{}
88,474,{}
88,290,{}
88,168,{}
88,823,{}
88,956,{}
88,799,{}
88,197,{}
88,96,{}
88,589,{}
88,720,{}
88,346,{}
88,91,{}
88,93,{}
88,224,{}
88,868,{}
88,231,{}
88,893,{}
89,138,{}
89,783,{}
89,148,{}
89,280,{}
89,155,{}
89,417,{}
89,811,{}
89,584,{}
89,501,{}
89,313,{}
89,856,{}
89,92,{}
89,224,{}
89,98,{}
89,99,{}
89,187,{}
89,632,{}
89,191,{}
90,918,{}
90,646,{}
90,263,{}
90,137,{}
90,138,{}
90,921,{}
90,691,{}
90,179,{}
90,820,{}
90,565,{}
90,575,{}
90,963,{}
90,964,{}
90,838,{}
90,974,{}
90,980,{}
90,346,{}
90,91,{}
90,861,{}
90,742,{}
90,104,{}
90,493,{}
90,370,{}
90,115,{}
90,125,{}
91,904,{}
91,138,{}
91,141,{}
91,660,{}
91,794,{}
91,162,{}
91,420,{}
91,303,{}
91,944,{}
91,286,{}
91,572,{}
91,930,{}
91,339,{}
91,472,{}
91,676,{}
91,93,{}
91,229,{}
91,237,{}
91,971,{}
91,809,{}
92,778,{}
92,146,{}
92,927,{}
92,165,{}
92,811,{}
92,305,{}
92,824,{}
92,522,{}
92,190,{}
92,839,{}
92,459,{}
92,312,{}
92,722,{}
92,852,{}
92,93,{}
92,735,{}
92,98,{}
92,995,{}
92,229,{}
92,289,{}
92,878,{}
92,624,{}
92,243,{}
92,382,{}
92,264,{}
93,1037,{}
93,272,{}
93,920,{}
93,530,{}
93,533,{}
93,819,{}
93,432,{}
93,957,{}
93,705,{}
93,481,{}
93,464,{}
93,725,{}
93,569,{}
93,475,{}
93,94,{}
93,994,{}
93,571,{}
93,228,{}
93,109,{}
93,244,{}
93,126,{}
93,379,{}
93,894,{}
94,515,{}
94,901,{}
94,654,{}
94,914,{}
94,917,{}
94,517,{}
94,675,{}
94,678,{}
94,180,{}
94,438,{}
94,777,{}
94,266,{}
94,958,{}
94,196,{}
94,977,{}
94,600,{}
94,219,{}
94,95,{}
94,97,{}
94,99,{}
94,107,{}
94,748,{}
94,755,{}
94,849,{}
95,899,{}
95,649,{}
95,527,{}
95,406,{}
95,154,{}
95,135,{}
95,441,{}
95,580,{}
95,183,{}
95,825,{}
95,597,{}
95,983,{}
95,601,{}
95,97,{}
95,98,{}
95,99,{}
95,617,{}
95,365,{}
95,112,{}
95,764,{}
96,259,{}
96,273,{}
96,150,{}
96,235,{}
96,539,{}
96,1077,{}
96,446,{}
96,963,{}
96,708,{}
96,585,{}
96,724,{}
96,469,{}
96,982,{}
96,359,{}
96,875,{}
96,621,{}
96,751,{}
96,888,{}
96,893,{}
97,157,{}
97,929,{}
97,549,{}
97,934,{}
97,425,{}
97,566,{}
97,583,{}
97,588,{}
97,844,{}
97,589,{}
97,184,{}
97,607,{}
97,98,{}
97,166,{}
97,743,{}
97,234,{}
97,368,{}
97,113,{}
97,114,{}
97,500,{}
98,647,{}
98,394,{}
98,781,{}
98,278,{}
98,542,{}
98,420,{}
98,294,{}
98,942,{}
98,175,{}
98,434,{}
98,692,{}
98,415,{}
98,650,{}
98,771,{}
98,575,{}
98,161,{}
98,715,{}
98,356,{}
98,550,{}
98,237,{}
98,971,{}
98,466,{}
98,756,{}
98,869,{}
98,248,{}
98,510,{}
98,865,{}
99,273,{}
99,421,{}
99,428,{}
99,439,{}
99,197,{}
99,454,{}
99,206,{}
99,333,{}
99,474,{}
99,863,{}
99,807,{}
99,889,{}
100,538,{}
100,495,{}
101,928,{}
101,689,{}
101,266,{}
102,440,{}
103,545,{}
103,902,{}
103,811,{}
103,686,{}
103,815,{}
104,341,{}
104,533,{}
105,556,{}
106,418,{}
106,131,{}
106,174,{}
106,506,{}
107,980,{}
107,375,{}
108,476,{}
108,618,{}
108,357,{}
109,218,{}
109,779,{}
109,212,{}
110,354,{}
110,814,{}
110,230,{}
111,814,{}
112,928,{}
112,685,{}
112,475,{}
112,796,{}
112,925,{}
113,937,{}
113,819,{}
113,485,{}
114,403,{}
115,369,{}
115,215,{}
115,820,{}
116,730,{}
117,848,{}
117,505,{}
117,956,{}
118,880,{}
119,496,{}
120,609,{}
120,878,{}
120,737,{}
121,411,{}
122,686,{}
122,631,{}
123,351,{}
124,527,{}
124,260,{}
124,822,{}
124,367,{}
127,964,{}
128,275,{}
129,131,{}
129,328,{}
129,746,{}
129,461,{}
129,497,{}
130,132,{}
130,382,{}
131,178,{}
131,788,{}
131,862,{}
132,321,{}
132,359,{}
132,200,{}
132,607,{}
133,217,{}
133,548,{}
133,197,{}
134,750,{}
135,140,{}
135,158,{}
136,555,{}
137,908,{}
137,310,{}
138,197,{}
138,244,{}
138,471,{}
138,185,{}
140,465,{}
141,456,{}
143,184,{}
143,526,{}
144,992,{}
144,622,{}
144,254,{}
145,764,{}
145,410,{}
145,252,{}
145,697,{}
146,947,{}
147,916,{}
147,885,{}
148,363,{}
148,678,{}
149,512,{}
149,228,{}
149,203,{}
149,812,{}
149,372,{}
149,760,{}
150,988,{}
150,630,{}
152,405,{}
153,680,{}
153,962,{}
153,582,{}
153,405,{}
154,370,{}
155,850,{}
155,884,{}
156,898,{}
156,966,{}
157,362,{}
157,722,{}
157,276,{}
157,602,{}
157,571,{}
157,922,{}
157,414,{}
158,914,{}
158,971,{}
159,716,{}
159,582,{}
159,815,{}
160,393,{}
160,399,{}
161,965,{}
161,424,{}
161,972,{}
162,419,{}
162,876,{}
162,430,{}
162,667,{}
163,556,{}
163,590,{}
163,918,{}
163,828,{}
164,946,{}
165,880,{}
165,264,{}
165,508,{}
166,763,{}
166,423,{}
168,265,{}
168,687,{}
168,657,{}
168,502,{}
168,221,{}
170,728,{}
171,224,{}
172,772,{}
173,888,{}
174,900,{}
174,983,{}
174,413,{}
174,894,{}
175,268,{}
176,290,{}
176,995,{}
176,727,{}
176,431,{}
176,311,{}
177,568,{}
179,620,{}
179,500,{}
179,955,{}
179,509,{}
179,410,{}
180,953,{}
181,561,{}
182,258,{}
182,998,{}
182,967,{}
182,204,{}
182,819,{}
182,212,{}
182,603,{}
182,381,{}
183,575,{}
184,658,{}
184,999,{}
185,676,{}
185,626,{}
186,666,{}
188,325,{}
188,709,{}
190,814,{}
191,942,{}
191,915,{}
191,634,{}
191,255,{}
192,939,{}
192,799,{}
193,369,{}
193,641,{}
194,774,{}
194,613,{}
196,565,{}
196,981,{}
197,312,{}
197,693,{}
198,418,{}
199,965,{}
201,799,{}
202,607,{}
203,295,{}
203,493,{}
203,995,{}
203,788,{}
204,298,{}
204,259,{}
205,930,{}
205,646,{}
205,354,{}
205,373,{}
205,885,{}
206,861,{}
207,512,{}
207,497,{}
207,498,{}
208,277,{}
209,571,{}
209,875,{}
209,471,{}
210,362,{}
211,642,{}
211,230,{}
211,947,{}
211,314,{}
212,357,{}
212,680,{}
212,682,{}
212,792,{}
212,347,{}
213,352,{}
213,747,{}
213,470,{}
215,783,{}
216,532,{}
217,397,{}
218,548,{}
218,491,{}
218,755,{}
220,935,{}
220,616,{}
220,813,{}
220,991,{}
221,273,{}
221,758,{}
221,294,{}
222,453,{}
222,232,{}
222,841,{}
222,907,{}
223,258,{}
223,362,{}
223,845,{}
223,667,{}
223,700,{}
224,438,{}
226,809,{}
226,828,{}
226,518,{}
227,394,{}
227,620,{}
227,789,{}
227,888,{}
228,832,{}
228,254,{}
229,597,{}
230,997,{}
230,521,{}
230,269,{}
230,721,{}
230,948,{}
231,375,{}
233,296,{}
233,761,{}
233,799,{}
234,538,{}
234,243,{}
234,740,{}
234,381,{}
235,488,{}
235,569,{}
235,911,{}
236,268,{}
236,286,{}
237,541,{}
238,684,{}
238,484,{}
238,382,{}
239,898,{}
240,960,{}
240,568,{}
240,702,{}
241,420,{}
243,997,{}
244,264,{}
244,811,{}
244,510,{}
245,801,{}
245,562,{}
245,787,{}
245,472,{}
246,874,{}
246,622,{}
246,394,{}
247,385,{}
247,378,{}
248,743,{}
248,287,{}
249,649,{}
249,465,{}
249,758,{}
249,727,{}
251,978,{}
251,263,{}
252,413,{}
252,581,{}
253,651,{}
254,417,{}
254,335,{}
254,472,{}
256,756,{}
257,465,{}
257,633,{}
257,764,{}
258,849,{}
259,921,{}
260,893,{}
261,336,{}
261,801,{}
262,864,{}
262,665,{}
264,988,{}
264,906,{}
265,391,{}
265,874,{}
265,344,{}
265,957,{}
266,976,{}
267,344,{}
267,586,{}
269,547,{}
269,560,{}
269,465,{}
270,593,{}
271,883,{}
271,637,{}
271,982,{}
272,874,{}
274,523,{}
274,895,{}
275,977,{}
275,343,{}
275,826,{}
277,794,{}
277,626,{}
278,393,{}
278,307,{}
279,577,{}
279,493,{}
280,820,{}
280,668,{}
281,565,{}
282,730,{}
282,911,{}
283,607,{}
283,527,{}
284,699,{}
285,996,{}
285,777,{}
285,465,{}
285,983,{}
288,794,{}
288,781,{}
288,374,{}
289,336,{}
290,802,{}
290,430,{}
290,764,{}
292,463,{}
292,647,{}
293,700,{}
293,623,{}
294,765,{}
295,748,{}
295,727,{}
295,943,{}
295,792,{}
296,439,{}
296,589,{}
297,430,{}
298,850,{}
298,725,{}
298,953,{}
299,677,{}
299,765,{}
300,891,{}
300,580,{}
300,943,{}
302,488,{}
302,923,{}
302,630,{}
303,496,{}
303,861,{}
304,945,{}
305,856,{}
305,753,{}
307,431,{}
308,601,{}
308,547,{}
309,648,{}
309,643,{}
310,408,{}
311,810,{}
311,317,{}
312,765,{}
313,505,{}
313,681,{}
313,358,{}
314,399,{}
314,857,{}
316,480,{}
316,933,{}
317,906,{}
317,823,{}
318,701,{}
319,934,{}
319,439,{}
320,392,{}
320,650,{}
320,491,{}
321,574,{}
322,394,{}
322,429,{}
322,367,{}
324,432,{}
325,782,{}
325,406,{}
327,413,{}
328,772,{}
329,764,{}
330,816,{}
330,736,{}
331,401,{}
331,461,{}
332,953,{}
332,659,{}
333,709,{}
335,812,{}
335,434,{}
335,735,{}
336,595,{}
337,785,{}
338,961,{}
339,545,{}
339,715,{}
339,607,{}
341,455,{}
342,953,{}
342,709,{}
345,683,{}
345,525,{}
347,522,{}
347,595,{}
347,596,{}
348,600,{}
350,848,{}
351,698,{}
351,445,{}
352,613,{}
352,969,{}
352,556,{}
353,970,{}
354,558,{}
355,660,{}
355,799,{}
356,357,{}
356,648,{}
356,681,{}
357,600,{}
358,838,{}
358,637,{}
359,372,{}
360,585,{}
360,398,{}
360,880,{}
360,786,{}
360,500,{}
361,724,{}
362,452,{}
362,818,{}
363,948,{}
365,791,{}
365,535,{}
366,725,{}
367,796,{}
367,766,{}
369,567,{}
370,449,{}
370,435,{}
370,376,{}
371,521,{}
371,965,{}
371,415,{}
372,612,{}
372,812,{}
372,557,{}
373,924,{}
374,730,{}
375,778,{}
376,654,{}
377,866,{}
377,893,{}
379,708,{}
379,488,{}
379,657,{}
379,473,{}
379,991,{}
380,849,{}
380,483,{}
380,917,{}
380,983,{}
382,394,{}
382,627,{}
382,788,{}
382,889,{}
382,734,{}
383,666,{}
384,745,{}
384,619,{}
385,610,{}
385,999,{}
387,841,{}
387,781,{}
388,515,{}
389,654,{}
391,552,{}
392,827,{}
392,725,{}
393,577,{}
394,544,{}
394,865,{}
394,418,{}
394,821,{}
394,761,{}
394,410,{}
395,550,{}
396,434,{}
397,644,{}
397,650,{}
397,882,{}
397,884,{}
397,504,{}
398,481,{}
398,539,{}
398,828,{}
399,837,{}
399,422,{}
399,971,{}
399,606,{}
400,957,{}
401,701,{}
402,642,{}
402,583,{}
402,571,{}
402,957,{}
403,801,{}
403,483,{}
403,946,{}
403,823,{}
404,818,{}
406,577,{}
407,753,{}
408,954,{}
409,697,{}
409,669,{}
409,926,{}
410,781,{}
410,947,{}
410,725,{}
412,989,{}
412,951,{}
412,413,{}
413,980,{}
413,477,{}
414,496,{}
414,509,{}
415,680,{}
415,431,{}
415,886,{}
418,547,{}
418,980,{}
419,597,{}
422,764,{}
423,917,{}
424,515,{}
424,777,{}
424,942,{}
424,465,{}
425,482,{}
425,900,{}
427,897,{}
428,520,{}
428,905,{}
428,660,{}
430,865,{}
430,780,{}
431,777,{}
431,825,{}
432,709,{}
433,584,{}
435,664,{}
435,740,{}
436,809,{}
436,717,{}
438,777,{}
439,896,{}
439,661,{}
439,470,{}
441,707,{}
445,641,{}
446,723,{}
446,463,{}
448,653,{}
449,450,{}
450,800,{}
451,506,{}
451,484,{}
452,953,{}
452,886,{}
453,579,{}
453,765,{}
453,510,{}
454,864,{}
455,509,{}
455,471,{}
456,706,{}
456,731,{}
456,477,{}
457,756,{}
457,596,{}
460,840,{}
460,995,{}
460,805,{}
461,586,{}
461,660,{}
462,928,{}
462,947,{}
463,521,{}
463,590,{}
463,499,{}
463,718,{}
463,668,{}
465,929,{}
466,530,{}
466,715,{}
467,986,{}
468,568,{}
468,643,{}
470,889,{}
471,774,{}
471,615,{}
472,705,{}
472,690,{}
472,566,{}
474,726,{}
475,984,{}
476,850,{}
476,710,{}
478,772,{}
478,588,{}
478,903,{}
478,807,{}
479,690,{}
479,749,{}
481,843,{}
481,757,{}
481,987,{}
482,659,{}
485,523,{}
486,773,{}
487,875,{}
487,495,{}
488,548,{}
488,712,{}
488,888,{}
490,935,{}
493,969,{}
493,970,{}
493,563,{}
494,982,{}
495,544,{}
495,753,{}
497,751,{}
499,992,{}
500,879,{}
501,633,{}
502,945,{}
503,735,{}
504,521,{}
504,934,{}
505,844,{}
505,805,{}
507,589,{}
507,558,{}
508,596,{}
509,937,{}
509,786,{}
510,886,{}
511,838,{}
511,750,{}
512,857,{}
514,905,{}
514,676,{}
514,953,{}
516,566,{}
519,776,{}
520,538,{}
521,624,{}
521,965,{}
521,620,{}
521,688,{}
521,662,{}
522,606,{}
523,634,{}
525,858,{}
525,773,{}
526,920,{}
526,673,{}
526,730,{}
527,529,{}
527,986,{}
528,706,{}
528,587,{}
528,598,{}
530,914,{}
531,965,{}
532,823,{}
534,722,{}
534,827,{}
534,861,{}
536,869,{}
536,652,{}
536,628,{}
537,960,{}
537,866,{}
537,834,{}
537,624,{}
537,758,{}
538,915,{}
538,765,{}
539,581,{}
540,641,{}
542,782,{}
543,644,{}
543,645,{}
544,667,{}
544,859,{}
545,990,{}
546,576,{}
546,873,{}
546,797,{}
547,609,{}
547,826,{}
548,942,{}
548,632,{}
549,608,{}
550,721,{}
551,658,{}
552,700,{}
553,738,{}
553,740,{}
553,854,{}
554,692,{}
557,980,{}
557,886,{}
558,626,{}
560,624,{}
561,816,{}
562,622,{}
563,616,{}
565,659,{}
566,619,{}
566,750,{}
566,880,{}
566,881,{}
567,629,{}
567,935,{}
568,592,{}
569,822,{}
573,747,{}
574,707,{}
574,698,{}
575,580,{}
575,883,{}
576,940,{}
577,775,{}
577,794,{}
578,959,{}
580,917,{}
581,707,{}
581,680,{}
582,810,{}
583,744,{}
584,725,{}
585,748,{}
587,844,{}
588,641,{}
589,906,{}
590,998,{}
592,856,{}
592,796,{}
593,723,{}
593,718,{}
596,689,{}
597,787,{}
597,629,{}
598,932,{}
598,711,{}
599,832,{}
600,987,{}
601,867,{}
601,975,{}
601,963,{}
601,698,{}
601,979,{}
602,899,{}
602,727,{}
603,742,{}
603,685,{}
604,826,{}
604,685,{}
604,887,{}
605,724,{}
605,683,{}
606,626,{}
606,690,{}
606,730,{}
607,709,{}
607,821,{}
609,742,{}
610,741,{}
611,880,{}
611,635,{}
611,967,{}
613,647,{}
616,944,{}
616,977,{}
616,858,{}
617,631,{}
618,741,{}
619,724,{}
620,839,{}
620,631,{}
622,792,{}
623,668,{}
624,631,{}
625,731,{}
625,653,{}
628,703,{}
630,791,{}
630,925,{}
631,983,{}
631,991,{}
632,653,{}
633,831,{}
634,878,{}
635,838,{}
636,943,{}
637,872,{}
637,976,{}
638,744,{}
638,780,{}
643,731,{}
645,922,{}
646,692,{}
647,954,{}
649,917,{}
650,967,{}
651,712,{}
656,677,{}
658,759,{}
659,977,{}
659,826,{}
659,798,{}
660,935,{}
660,985,{}
663,824,{}
664,996,{}
664,951,{}
665,752,{}
665,942,{}
666,822,{}
667,870,{}
667,761,{}
667,795,{}
668,960,{}
668,936,{}
670,993,{}
671,799,{}
673,782,{}
674,966,{}
674,818,{}
674,718,{}
676,771,{}
676,891,{}
677,879,{}
680,770,{}
680,695,{}
681,964,{}
682,950,{}
683,845,{}
684,699,{}
685,853,{}
687,978,{}
688,815,{}
690,863,{}
691,922,{}
691,764,{}
692,977,{}
693,782,{}
696,970,{}
696,878,{}
696,901,{}
701,783,{}
704,722,{}
704,866,{}
705,955,{}
708,715,{}
710,935,{}
712,781,{}
712,887,{}
715,767,{}
716,735,{}
718,832,{}
718,752,{}
719,969,{}
720,746,{}
721,772,{}
722,929,{}
723,775,{}
726,924,{}
727,729,{}
728,983,{}
728,894,{}
729,960,{}
739,891,{}
739,958,{}
740,957,{}
740,853,{}
742,970,{}
746,853,{}
747,818,{}
747,888,{}
748,901,{}
751,872,{}
751,956,{}
753,961,{}
754,910,{}
755,980,{}
755,957,{}
757,762,{}
758,793,{}
759,954,{}
761,824,{}
763,876,{}
764,973,{}
765,974,{}
770,959,{}
771,951,{}
774,776,{}
776,929,{}
776,946,{}
779,831,{}
782,980,{}
782,828,{}
784,967,{}
786,789,{}
789,909,{}
789,879,{}
791,972,{}
795,905,{}
798,860,{}
799,968,{}
806,866,{}
811,973,{}
811,851,{}
811,855,{}
812,843,{}
815,990,{}
816,983,{}
816,890,{}
820,939,{}
820,924,{}
822,994,{}
822,868,{}
823,843,{}
824,897,{}
833,926,{}
837,944,{}
837,943,{}
839,855,{}
843,934,{}
845,875,{}
851,952,{}
852,901,{}
854,996,{}
860,969,{}
863,988,{}
864,870,{}
867,910,{}
870,960,{}
873,990,{}
874,961,{}
874,979,{}
877,959,{}
879,941,{}
881,991,{}
882,986,{}
882,980,{}
888,945,{}
889,991,{}
892,901,{}
894,914,{}
895,979,{}
897,916,{}
897,991,{}
906,922,{}
906,926,{}
907,971,{}
908,954,{}
912,973,{}
914,916,{}
914,920,{}
917,965,{}
941,953,{}
945,973,{}
960,986,{}
966,969,{}
982,990,{}
986,997,{}
1000,1024,{}
1000,1538,{}
1000,1027,{}
1000,1030,{}
1000,1034,{}
1000,1165,{}
1000,1042,{}
1000,1795,{}
1000,1015,{}
1000,1304,{}
1000,1306,{}
1000,1054,{}
1000,1567,{}
1000,1568,{}
1000,1058,{}
1000,1059,{}
1000,1060,{}
1000,1457,{}
1000,1066,{}
1000,1579,{}
1000,1711,{}
1000,1585,{}
1000,1076,{}
1000,1474,{}
1000,1092,{}
1000,1862,{}
1000,1835,{}
1000,1098,{}
1000,1099,{}
1000,1549,{}
1000,1368,{}
1000,1999,{}
1000,1628,{}
1000,1247,{}
1000,1122,{}
1000,1090,{}
1000,1253,{}
1000,1130,{}
1000,1005,{}
1000,1007,{}
1000,1265,{}
1000,1909,{}
1000,1014,{}
1000,1655,{}
1000,1016,{}
1000,1023,{}
1001,1029,{}
1001,1030,{}
1001,1031,{}
1001,1032,{}
1001,1033,{}
1001,1038,{}
1001,1019,{}
1001,1042,{}
1001,1043,{}
1001,1046,{}
1001,1052,{}
1001,1184,{}
1001,1316,{}
1001,1833,{}
1001,1324,{}
1001,1075,{}
1001,1078,{}
1001,1083,{}
1001,1087,{}
1001,1346,{}
1001,1731,{}
1001,1505,{}
1001,1102,{}
1001,1068,{}
1001,1498,{}
1001,1615,{}
1001,1121,{}
1001,1723,{}
1001,1003,{}
1001,1651,{}
1001,1015,{}
1001,1147,{}
1001,1022,{}
1001,1791,{}
1002,1408,{}
1002,1600,{}
1002,1026,{}
1002,1027,{}
1002,1031,{}
1002,1682,{}
1002,1411,{}
1002,1556,{}
1002,1048,{}
1002,1605,{}
1002,1064,{}
1002,1706,{}
1002,1453,{}
1002,1966,{}
1002,1071,{}
1002,1328,{}
1002,1073,{}
1002,1075,{}
1002,1077,{}
1002,1079,{}
1002,1083,{}
1002,1088,{}
1002,1986,{}
1002,1989,{}
1002,1349,{}
1002,1099,{}
1002,1998,{}
1002,1756,{}
1002,1259,{}
1002,1005,{}
1002,1010,{}
1002,1011,{}
1002,1012,{}
1002,1653,{}
1002,1015,{}
1002,1019,{}
1002,1404,{}
1003,1026,{}
1003,1028,{}
1003,1160,{}
1003,1033,{}
1003,1035,{}
1003,1038,{}
1003,1039,{}
1003,1680,{}
1003,1555,{}
1003,1046,{}
1003,1049,{}
1003,1050,{}
1003,1051,{}
1003,1052,{}
1003,1058,{}
1003,1955,{}
1003,1734,{}
1003,1574,{}
1003,1066,{}
1003,1068,{}
1003,1072,{}
1003,1074,{}
1003,1975,{}
1003,1084,{}
1003,1163,{}
1003,1988,{}
1003,1477,{}
1003,1094,{}
1003,1435,{}
1003,1187,{}
1003,1500,{}
1003,1631,{}
1003,1124,{}
1003,1917,{}
1003,1021,{}
1003,1008,{}
1003,1010,{}
1003,1012,{}
1003,1013,{}
1003,1016,{}
1003,1017,{}
1003,1018,{}
1003,1019,{}
1003,1149,{}
1004,1024,{}
1004,1025,{}
1004,1028,{}
1004,1418,{}
1004,1164,{}
1004,1038,{}
1004,1040,{}
1004,1681,{}
1004,1178,{}
1004,1563,{}
1004,1052,{}
1004,1949,{}
1004,1054,{}
1004,1051,{}
1004,1444,{}
1004,1061,{}
1004,1959,{}
1004,1436,{}
1004,1834,{}
1004,1069,{}
1004,1070,{}
1004,1053,{}
1004,1072,{}
1004,1076,{}
1004,1077,{}
1004,1080,{}
1004,1082,{}
1004,1086,{}
1004,1601,{}
1004,1094,{}
1004,1622,{}
1004,1435,{}
1004,1117,{}
1004,1377,{}
1004,1199,{}
1004,1005,{}
1004,1520,{}
1004,1013,{}
1004,1911,{}
1004,1784,{}
1004,1022,{}
1005,1026,{}
1005,1667,{}
1005,1029,{}
1005,1034,{}
1005,1036,{}
1005,1037,{}
1005,1171,{}
1005,1046,{}
1005,1015,{}
1005,1048,{}
1005,1327,{}
1005,1052,{}
1005,1053,{}
1005,1055,{}
1005,1184,{}
1005,1060,{}
1005,1061,{}
1005,1063,{}
1005,1820,{}
1005,1194,{}
1005,1071,{}
1005,1073,{}
1005,1074,{}
1005,1076,{}
1005,1079,{}
1005,1080,{}
1005,1081,{}
1005,1082,{}
1005,1084,{}
1005,1471,{}
1005,1092,{}
1005,1094,{}
1005,1095,{}
1005,1481,{}
1005,1099,{}
1005,1615,{}
1005,1239,{}
1005,1370,{}
1005,1630,{}
1005,1258,{}
1005,1021,{}
1005,1977,{}
1005,1267,{}
1005,1065,{}
1005,1460,{}
1005,1020,{}
1006,1797,{}
1006,1030,{}
1006,1473,{}
1006,1032,{}
1006,1035,{}
1006,1933,{}
1006,1038,{}
1006,1039,{}
1006,1168,{}
1006,1298,{}
1006,1044,{}
1006,1045,{}
1006,1693,{}
1006,1054,{}
1006,1056,{}
1006,1061,{}
1006,1193,{}
1006,1068,{}
1006,1073,{}
1006,1842,{}
1006,1208,{}
1006,1721,{}
1006,1083,{}
1006,1084,{}
1006,1087,{}
1006,1089,{}
1006,1090,{}
1006,1547,{}
1006,1788,{}
1006,1991,{}
1006,1736,{}
1006,1097,{}
1006,1483,{}
1006,1874,{}
1006,1893,{}
1006,1995,{}
1006,1132,{}
1006,1774,{}
1006,1136,{}
1006,1521,{}
1006,1010,{}
1006,1011,{}
1006,1012,{}
1006,1016,{}
1006,1916,{}
1006,1021,{}
1006,1022,{}
1007,1024,{}
1007,1026,{}
1007,1924,{}
1007,1672,{}
1007,1033,{}
1007,1035,{}
1007,1167,{}
1007,1298,{}
1007,1043,{}
1007,1049,{}
1007,1467,{}
1007,1055,{}
1007,1058,{}
1007,1067,{}
1007,1068,{}
1007,1071,{}
1007,1076,{}
1007,1080,{}
1007,1081,{}
1007,1466,{}
1007,1083,{}
1007,1084,{}
1007,1087,{}
1007,1092,{}
1007,1351,{}
1007,1367,{}
1007,1863,{}
1007,1629,{}
1007,1507,{}
1007,1772,{}
1007,1660,{}
1007,1021,{}
1008,1029,{}
1008,1030,{}
1008,1035,{}
1008,1036,{}
1008,1549,{}
1008,1038,{}
1008,1043,{}
1008,1047,{}
1008,1048,{}
1008,1051,{}
1008,1820,{}
1008,1821,{}
1008,1056,{}
1008,1060,{}
1008,1064,{}
1008,1321,{}
1008,1020,{}
1008,1073,{}
1008,1717,{}
1008,1404,{}
1008,1084,{}
1008,1214,{}
1008,1089,{}
1008,1090,{}
1008,1094,{}
1008,1095,{}
1008,1098,{}
1008,1099,{}
1008,1100,{}
1008,1359,{}
1008,1751,{}
1008,1018,{}
1008,1760,{}
1008,1377,{}
1008,1256,{}
1008,1916,{}
1008,1013,{}
1008,1530,{}
1008,1276,{}
1008,1021,{}
1009,1152,{}
1009,1025,{}
1009,1027,{}
1009,1028,{}
1009,1029,{}
1009,1031,{}
1009,1035,{}
1009,1422,{}
1009,1039,{}
1009,1169,{}
1009,1684,{}
1009,1045,{}
1009,1562,{}
1009,1052,{}
1009,1413,{}
1009,1441,{}
1009,1058,{}
1009,1059,{}
1009,1061,{}
1009,1065,{}
1009,1067,{}
1009,1068,{}
1009,1069,{}
1009,1073,{}
1009,1087,{}
1009,1090,{}
1009,1091,{}
1009,1092,{}
1009,1096,{}
1009,1097,{}
1009,1613,{}
1009,1232,{}
1009,1876,{}
1009,1807,{}
1009,1117,{}
1009,1630,{}
1009,1360,{}
1009,1780,{}
1009,1016,{}
1009,1236,{}
1009,1018,{}
1009,1020,{}
1009,1023,{}
1010,1027,{}
1010,1156,{}
1010,1035,{}
1010,1038,{}
1010,1044,{}
1010,1046,{}
1010,1015,{}
1010,1048,{}
1010,1028,{}
1010,1307,{}
1010,1052,{}
1010,1053,{}
1010,1062,{}
1010,1064,{}
1010,1707,{}
1010,1710,{}
1010,1457,{}
1010,1842,{}
1010,1972,{}
1010,1078,{}
1010,1079,{}
1010,1081,{}
1010,1085,{}
1010,1086,{}
1010,1353,{}
1010,1866,{}
1010,1611,{}
1010,1869,{}
1010,1492,{}
1010,1365,{}
1010,1880,{}
1010,1020,{}
1010,1668,{}
1010,1597,{}
1010,1013,{}
1010,1067,{}
1010,1016,{}
1010,1018,{}
1010,1148,{}
1010,1258,{}
1011,1669,{}
1011,1287,{}
1011,1038,{}
1011,1041,{}
1011,1042,{}
1011,1305,{}
1011,1312,{}
1011,1058,{}
1011,1061,{}
1011,1064,{}
1011,1068,{}
1011,1070,{}
1011,1074,{}
1011,1588,{}
1011,1974,{}
1011,1079,{}
1011,1848,{}
1011,1076,{}
1011,1979,{}
1011,1085,{}
1011,1087,{}
1011,1089,{}
1011,1094,{}
1011,1375,{}
1011,1491,{}
1011,1503,{}
1011,1019,{}
1011,1125,{}
1011,1261,{}
1011,1775,{}
1011,1012,{}
1011,1017,{}
1011,1531,{}
1011,1277,{}
1012,1024,{}
1012,1028,{}
1012,1023,{}
1012,1801,{}
1012,1035,{}
1012,1036,{}
1012,1039,{}
1012,1040,{}
1012,1390,{}
1012,1302,{}
1012,1047,{}
1012,1048,{}
1012,1563,{}
1012,1565,{}
1012,1059,{}
1012,1064,{}
1012,1709,{}
1012,1075,{}
1012,1077,{}
1012,1079,{}
1012,1081,{}
1012,1084,{}
1012,1086,{}
1012,1089,{}
1012,1223,{}
1012,1096,{}
1012,1097,{}
1012,1359,{}
1012,1955,{}
1012,1365,{}
1012,1878,{}
1012,1242,{}
1012,1754,{}
1012,1292,{}
1012,1014,{}
1012,1016,{}
1012,1017,{}
1012,1018,{}
1012,1019,{}
1012,1405,{}
1012,1279,{}
1013,1920,{}
1013,1028,{}
1013,1797,{}
1013,1030,{}
1013,1799,{}
1013,1546,{}
1013,1036,{}
1013,1037,{}
1013,1038,{}
1013,1042,{}
1013,1045,{}
1013,1049,{}
1013,1434,{}
1013,1436,{}
1013,1311,{}
1013,1904,{}
1013,1828,{}
1013,1320,{}
1013,1052,{}
1013,1067,{}
1013,1841,{}
1013,1079,{}
1013,1721,{}
1013,1083,{}
1013,1852,{}
1013,1086,{}
1013,1090,{}
1013,1990,{}
1013,1095,{}
1013,1097,{}
1013,1230,{}
1013,1744,{}
1013,1105,{}
1013,1748,{}
1013,1621,{}
1013,1884,{}
1013,1636,{}
1013,1513,{}
1013,1170,{}
1013,1014,{}
1013,1016,{}
1013,1019,{}
1013,1023,{}
1014,1024,{}
1014,1025,{}
1014,1026,{}
1014,1027,{}
1014,1031,{}
1014,1032,{}
1014,1033,{}
1014,1034,{}
1014,1932,{}
1014,1044,{}
1014,1430,{}
1014,1048,{}
1014,1690,{}
1014,1051,{}
1014,1050,{}
1014,1061,{}
1014,1447,{}
1014,1074,{}
1014,1077,{}
1014,1908,{}
1014,1085,{}
1014,1092,{}
1014,1093,{}
1014,1094,{}
1014,1098,{}
1014,1099,{}
1014,1746,{}
1014,1363,{}
1014,1750,{}
1014,1883,{}
1014,1573,{}
1014,1127,{}
1014,1646,{}
1014,1015,{}
1014,1017,{}
1014,1019,{}
1014,1022,{}
1015,1025,{}
1015,1032,{}
1015,1162,{}
1015,1035,{}
1015,1037,{}
1015,1022,{}
1015,1039,{}
1015,1041,{}
1015,1172,{}
1015,1326,{}
1015,1942,{}
1015,1048,{}
1015,1050,{}
1015,1565,{}
1015,1566,{}
1015,1826,{}
1015,1060,{}
1015,1062,{}
1015,1066,{}
1015,1069,{}
1015,1070,{}
1015,1078,{}
1015,1336,{}
1015,1082,{}
1015,1339,{}
1015,1090,{}
1015,1604,{}
1015,1094,{}
1015,1097,{}
1015,1099,{}
1015,1998,{}
1015,1999,{}
1015,1720,{}
1015,1380,{}
1015,1652,{}
1015,1909,{}
1015,1300,{}
1015,1020,{}
1015,1534,{}
1016,1409,{}
1016,1026,{}
1016,1412,{}
1016,1029,{}
1016,1542,{}
1016,1025,{}
1016,1033,{}
1016,1674,{}
1016,1548,{}
1016,1808,{}
1016,1041,{}
1016,1812,{}
1016,1774,{}
1016,1815,{}
1016,1048,{}
1016,1561,{}
1016,1946,{}
1016,1839,{}
1016,1574,{}
1016,1066,{}
1016,1067,{}
1016,1196,{}
1016,1071,{}
1016,1072,{}
1016,1073,{}
1016,1075,{}
1016,1455,{}
1016,1673,{}
1016,1592,{}
1016,1081,{}
1016,1850,{}
1016,1851,{}
1016,1482,{}
1016,1090,{}
1016,1091,{}
1016,1605,{}
1016,1095,{}
1016,1609,{}
1016,1098,{}
1016,1497,{}
1016,1243,{}
1016,1886,{}
1016,1130,{}
1016,1773,{}
1016,1399,{}
1016,1020,{}
1016,1021,{}
1017,1792,{}
1017,1287,{}
1017,1032,{}
1017,1453,{}
1017,1041,{}
1017,1042,{}
1017,1043,{}
1017,1302,{}
1017,1048,{}
1017,1050,{}
1017,1761,{}
1017,1058,{}
1017,1061,{}
1017,1062,{}
1017,1579,{}
1017,1068,{}
1017,1069,{}
1017,1074,{}
1017,1523,{}
1017,1080,{}
1017,1081,{}
1017,1082,{}
1017,1759,{}
1017,1084,{}
1017,1085,{}
1017,1087,{}
1017,1092,{}
1017,1607,{}
1017,1228,{}
1017,1358,{}
1017,1105,{}
1017,1631,{}
1017,1121,{}
1017,1915,{}
1017,1124,{}
1017,1170,{}
1017,1518,{}
1017,1599,{}
1017,1022,{}
1017,1023,{}
1018,1280,{}
1018,1409,{}
1018,1028,{}
1018,1031,{}
1018,1036,{}
1018,1934,{}
1018,1039,{}
1018,1941,{}
1018,1046,{}
1018,1051,{}
1018,1052,{}
1018,1054,{}
1018,1057,{}
1018,1060,{}
1018,1066,{}
1018,1069,{}
1018,1454,{}
1018,1072,{}
1018,1073,{}
1018,1074,{}
1018,1203,{}
1018,1076,{}
1018,1078,{}
1018,1340,{}
1018,1341,{}
1018,1087,{}
1018,1472,{}
1018,1240,{}
1018,1369,{}
1018,1628,{}
1018,1119,{}
1018,1188,{}
1018,1852,{}
1018,1899,{}
1018,1902,{}
1018,1403,{}
1018,1022,{}
1018,1045,{}
1019,1515,{}
1019,1415,{}
1019,1033,{}
1019,1034,{}
1019,1035,{}
1019,1036,{}
1019,1041,{}
1019,1042,{}
1019,1045,{}
1019,1048,{}
1019,1563,{}
1019,1052,{}
1019,1566,{}
1019,1060,{}
1019,1957,{}
1019,1319,{}
1019,1070,{}
1019,1713,{}
1019,1341,{}
1019,1089,{}
1019,1097,{}
1019,1115,{}
1019,1245,{}
1019,1894,{}
1019,1273,{}
1020,1027,{}
1020,1028,{}
1020,1542,{}
1020,1031,{}
1020,1034,{}
1020,1165,{}
1020,1039,{}
1020,1041,{}
1020,1042,{}
1020,1044,{}
1020,1045,{}
1020,1046,{}
1020,1560,{}
1020,1049,{}
1020,1690,{}
1020,1691,{}
1020,1052,{}
1020,1054,{}
1020,1989,{}
1020,1051,{}
1020,1060,{}
1020,1061,{}
1020,1905,{}
1020,1064,{}
1020,1073,{}
1020,1139,{}
1020,1076,{}
1020,1023,{}
1020,1079,{}
1020,1082,{}
1020,1083,{}
1020,1085,{}
1020,1087,{}
1020,1984,{}
1020,1090,{}
1020,1093,{}
1020,1606,{}
1020,1096,{}
1020,1099,{}
1020,1699,{}
1020,1237,{}
1020,1624,{}
1020,1117,{}
1020,1774,{}
1020,1235,{}
1020,1022,{}
1020,1791,{}
1020,1240,{}
1020,1918,{}
1020,1429,{}
1021,1026,{}
1021,1027,{}
1021,1028,{}
1021,1414,{}
1021,1031,{}
1021,1417,{}
1021,1035,{}
1021,1282,{}
1021,1069,{}
1021,1040,{}
1021,1923,{}
1021,1430,{}
1021,1047,{}
1021,1818,{}
1021,1566,{}
1021,1055,{}
1021,1056,{}
1021,1648,{}
1021,1059,{}
1021,1158,{}
1021,1448,{}
1021,1578,{}
1021,1325,{}
1021,1070,{}
1021,1071,{}
1021,1901,{}
1021,1073,{}
1021,1075,{}
1021,1182,{}
1021,1082,{}
1021,1084,{}
1021,1086,{}
1021,1855,{}
1021,1091,{}
1021,1228,{}
1021,1235,{}
1021,1755,{}
1021,1061,{}
1021,1504,{}
1021,1900,{}
1021,1064,{}
1021,1652,{}
1021,1782,{}
1021,1794,{}
1021,1066,{}
1021,1022,{}
1022,1024,{}
1022,1026,{}
1022,1289,{}
1022,1175,{}
1022,1036,{}
1022,1040,{}
1022,1944,{}
1022,1042,{}
1022,1301,{}
1022,1686,{}
1022,1047,{}
1022,1048,{}
1022,1050,{}
1022,1692,{}
1022,1056,{}
1022,1057,{}
1022,1322,{}
1022,1068,{}
1022,1197,{}
1022,1072,{}
1022,1074,{}
1022,1971,{}
1022,1333,{}
1022,1079,{}
1022,1080,{}
1022,1843,{}
1022,1083,{}
1022,1084,{}
1022,1085,{}
1022,1092,{}
1022,1093,{}
1022,1094,{}
1022,1496,{}
1022,1756,{}
1022,1393,{}
1022,1023,{}
1023,1025,{}
1023,1028,{}
1023,1032,{}
1023,1035,{}
1023,1278,{}
1023,1048,{}
1023,1059,{}
1023,1573,{}
1023,1062,{}
1023,1063,{}
1023,1064,{}
1023,1835,{}
1023,1068,{}
1023,1070,{}
1023,1076,{}
1023,1207,{}
1023,1083,{}
1023,1610,{}
1023,1088,{}
1023,1091,{}
1023,1093,{}
1023,1098,{}
1023,1106,{}
1023,1315,{}
1023,1827,{}
1023,1374,{}
1023,1761,{}
1023,1190,{}
1023,1912,{}
1024,1025,{}
1024,1026,{}
1024,1028,{}
1024,1034,{}
1024,1679,{}
1024,1047,{}
1024,1048,{}
1024,1540,{}
1024,1311,{}
1024,1065,{}
1024,1835,{}
1024,1586,{}
1024,1080,{}
1024,1082,{}
1024,1083,{}
1024,1980,{}
1024,1546,{}
1024,1598,{}
1024,1091,{}
1024,1092,{}
1024,1098,{}
1024,1099,{}
1024,1359,{}
1024,1238,{}
1024,1122,{}
1024,1383,{}
1024,1517,{}
1024,1128,{}
1024,1138,{}
1024,1656,{}
1025,1026,{}
1025,1923,{}
1025,1924,{}
1025,1926,{}
1025,1034,{}
1025,1035,{}
1025,1292,{}
1025,1037,{}
1025,1041,{}
1025,1045,{}
1025,1047,{}
1025,1693,{}
1025,1054,{}
1025,1059,{}
1025,1065,{}
1025,1452,{}
1025,1069,{}
1025,1077,{}
1025,1335,{}
1025,1082,{}
1025,1220,{}
1025,1093,{}
1025,1097,{}
1025,1911,{}
1025,1484,{}
1025,1443,{}
1025,1248,{}
1025,1634,{}
1025,1530,{}
1025,1533,{}
1026,1032,{}
1026,1035,{}
1026,1773,{}
1026,1046,{}
1026,1047,{}
1026,1433,{}
1026,1306,{}
1026,1967,{}
1026,1052,{}
1026,1053,{}
1026,1054,{}
1026,1450,{}
1026,1056,{}
1026,1058,{}
1026,1059,{}
1026,1060,{}
1026,1063,{}
1026,1066,{}
1026,1069,{}
1026,1070,{}
1026,1071,{}
1026,1327,{}
1026,1970,{}
1026,1075,{}
1026,1077,{}
1026,1079,{}
1026,1722,{}
1026,1983,{}
1026,1345,{}
1026,1987,{}
1026,1093,{}
1026,1866,{}
1026,1570,{}
1026,1872,{}
1026,1491,{}
1026,1112,{}
1026,1956,{}
1026,1502,{}
1026,1661,{}
1026,1776,{}
1026,1521,{}
1026,1909,{}
1027,1281,{}
1027,1028,{}
1027,1034,{}
1027,1036,{}
1027,1677,{}
1027,1038,{}
1027,1040,{}
1027,1042,{}
1027,1044,{}
1027,1045,{}
1027,1732,{}
1027,1053,{}
1027,1694,{}
1027,1058,{}
1027,1059,{}
1027,1061,{}
1027,1062,{}
1027,1191,{}
1027,1064,{}
1027,1067,{}
1027,1068,{}
1027,1138,{}
1027,1072,{}
1027,1736,{}
1027,1074,{}
1027,1075,{}
1027,1076,{}
1027,1077,{}
1027,1847,{}
1027,1089,{}
1027,1090,{}
1027,1859,{}
1027,1092,{}
1027,1094,{}
1027,1095,{}
1027,1096,{}
1027,1097,{}
1027,1737,{}
1027,1550,{}
1027,1770,{}
1027,1516,{}
1027,1271,{}
1028,1921,{}
1028,1541,{}
1028,1030,{}
1028,1031,{}
1028,1032,{}
1028,1039,{}
1028,1041,{}
1028,1048,{}
1028,1050,{}
1028,1436,{}
1028,1182,{}
1028,1183,{}
1028,1440,{}
1028,1798,{}
1028,1064,{}
1028,1066,{}
1028,1067,{}
1028,1068,{}
1028,1071,{}
1028,1076,{}
1028,1083,{}
1028,1084,{}
1028,1085,{}
1028,1397,{}
1028,1216,{}
1028,1092,{}
1028,1990,{}
1028,1095,{}
1028,1094,{}
1028,1758,{}
1028,1829,{}
1028,1251,{}
1028,1789,{}
1029,1154,{}
1029,1669,{}
1029,1543,{}
1029,1416,{}
1029,1035,{}
1029,1037,{}
1029,1038,{}
1029,1047,{}
1029,1048,{}
1029,1817,{}
1029,1178,{}
1029,1948,{}
1029,1053,{}
1029,1698,{}
1029,1059,{}
1029,1317,{}
1029,1702,{}
1029,1319,{}
1029,1065,{}
1029,1837,{}
1029,1456,{}
1029,1288,{}
1029,1084,{}
1029,1477,{}
1029,1224,{}
1029,1143,{}
1029,1361,{}
1029,1201,{}
1029,1263,{}
1029,1652,{}
1030,1544,{}
1030,1033,{}
1030,1036,{}
1030,1680,{}
1030,1046,{}
1030,1071,{}
1030,1052,{}
1030,1053,{}
1030,1310,{}
1030,1058,{}
1030,1059,{}
1030,1067,{}
1030,1839,{}
1030,1073,{}
1030,1566,{}
1030,1078,{}
1030,1079,{}
1030,1080,{}
1030,1711,{}
1030,1269,{}
1030,1088,{}
1030,1347,{}
1030,1094,{}
1030,1505,{}
1030,1443,{}
1030,1614,{}
1030,1827,{}
1030,1497,{}
1030,1888,{}
1030,1633,{}
1030,1908,{}
1030,1145,{}
1031,1033,{}
1031,1034,{}
1031,1803,{}
1031,1040,{}
1031,1681,{}
1031,1044,{}
1031,1046,{}
1031,1049,{}
1031,1052,{}
1031,1062,{}
1031,1961,{}
1031,1068,{}
1031,1839,{}
1031,1072,{}
1031,1075,{}
1031,1077,{}
1031,1079,{}
1031,1087,{}
1031,1089,{}
1031,1095,{}
1031,1099,{}
1031,1591,{}
1031,1273,{}
1031,1231,{}
1031,1116,{}
1031,1125,{}
1031,1512,{}
1031,1780,{}
1031,1705,{}
1031,1812,{}
1032,1161,{}
1032,1040,{}
1032,1042,{}
1032,1429,{}
1032,1050,{}
1032,1051,{}
1032,1053,{}
1032,1054,{}
1032,1057,{}
1032,1058,{}
1032,1059,{}
1032,1189,{}
1032,1065,{}
1032,1452,{}
1032,1709,{}
1032,1072,{}
1032,1073,{}
1032,1076,{}
1032,1077,{}
1032,1078,{}
1032,1673,{}
1032,1080,{}
1032,1081,{}
1032,1083,{}
1032,1084,{}
1032,1342,{}
1032,1087,{}
1032,1090,{}
1032,1092,{}
1032,1095,{}
1032,1096,{}
1032,1097,{}
1032,1079,{}
1032,1443,{}
1032,1627,{}
1032,1386,{}
1032,1905,{}
1033,1344,{}
1033,1410,{}
1033,1796,{}
1033,1928,{}
1033,1675,{}
1033,1038,{}
1033,1808,{}
1033,1171,{}
1033,1049,{}
1033,1946,{}
1033,1054,{}
1033,1443,{}
1033,1060,{}
1033,1071,{}
1033,1076,{}
1033,1205,{}
1033,1209,{}
1033,1338,{}
1033,1083,{}
1033,1973,{}
1033,1728,{}
1033,1604,{}
1033,1093,{}
1033,1095,{}
1033,1608,{}
1033,1371,{}
1033,1118,{}
1033,1503,{}
1033,1379,{}
1033,1904,{}
1034,1284,{}
1034,1047,{}
1034,1421,{}
1034,1040,{}
1034,1041,{}
1034,1043,{}
1034,1910,{}
1034,1815,{}
1034,1050,{}
1034,1051,{}
1034,1052,{}
1034,1054,{}
1034,1055,{}
1034,1057,{}
1034,1058,{}
1034,1060,{}
1034,1193,{}
1034,1066,{}
1034,1068,{}
1034,1069,{}
1034,1071,{}
1034,1973,{}
1034,1462,{}
1034,1719,{}
1034,1976,{}
1034,1081,{}
1034,1083,{}
1034,1084,{}
1034,1085,{}
1034,1086,{}
1034,1087,{}
1034,1088,{}
1034,1094,{}
1034,1096,{}
1034,1994,{}
1034,1989,{}
1034,1249,{}
1034,1892,{}
1034,1637,{}
1034,1638,{}
1034,1078,{}
1034,1153,{}
1034,1388,{}
1034,1853,{}
1034,1384,{}
1034,1427,{}
1034,1396,{}
1034,1270,{}
1034,1911,{}
1035,1067,{}
1035,1798,{}
1035,1921,{}
1035,1087,{}
1035,1039,{}
1035,1040,{}
1035,1428,{}
1035,1557,{}
1035,1047,{}
1035,1055,{}
1035,1057,{}
1035,1570,{}
1035,1061,{}
1035,1963,{}
1035,1070,{}
1035,1203,{}
1035,1086,{}
1035,1983,{}
1035,1090,{}
1035,1091,{}
1035,1825,{}
1035,1098,{}
1035,1442,{}
1035,1757,{}
1035,1701,{}
1035,1506,{}
1035,1507,{}
1035,1895,{}
1035,1142,{}
1035,1785,{}
1035,1146,{}
1036,1415,{}
1036,1645,{}
1036,1041,{}
1036,1042,{}
1036,1043,{}
1036,1049,{}
1036,1054,{}
1036,1953,{}
1036,1954,{}
1036,1059,{}
1036,1061,{}
1036,1064,{}
1036,1066,{}
1036,1580,{}
1036,1069,{}
1036,1071,{}
1036,1968,{}
1036,1969,{}
1036,1202,{}
1036,1080,{}
1036,1083,{}
1036,1212,{}
1036,1086,{}
1036,1089,{}
1036,1987,{}
1036,1094,{}
1036,1096,{}
1036,1136,{}
1036,1099,{}
1036,1615,{}
1036,1848,{}
1036,1493,{}
1036,1113,{}
1036,1736,{}
1036,1387,{}
1036,1138,{}
1037,1545,{}
1037,1675,{}
1037,1041,{}
1037,1043,{}
1037,1044,{}
1037,1045,{}
1037,1049,{}
1037,1050,{}
1037,1819,{}
1037,1954,{}
1037,1051,{}
1037,1828,{}
1037,1065,{}
1037,1201,{}
1037,1076,{}
1037,1077,{}
1037,1083,{}
1037,1085,{}
1037,1090,{}
1037,1094,{}
1037,1743,{}
1037,1060,{}
1037,1643,{}
1037,1912,{}
1037,1941,{}
1038,1936,{}
1038,1050,{}
1038,1055,{}
1038,1700,{}
1038,1061,{}
1038,1067,{}
1038,1203,{}
1038,1076,{}
1038,1078,{}
1038,1080,{}
1038,1083,{}
1038,1084,{}
1038,1085,{}
1038,1727,{}
1038,1092,{}
1038,1735,{}
1038,1226,{}
1038,1099,{}
1038,1620,{}
1038,1572,{}
1039,1925,{}
1039,1801,{}
1039,1051,{}
1039,1052,{}
1039,1697,{}
1039,1059,{}
1039,1061,{}
1039,1958,{}
1039,1575,{}
1039,1064,{}
1039,1180,{}
1039,1066,{}
1039,1068,{}
1039,1197,{}
1039,1073,{}
1039,1844,{}
1039,1078,{}
1039,1080,{}
1039,1978,{}
1039,1085,{}
1039,1087,{}
1039,1088,{}
1039,1090,{}
1039,1091,{}
1039,1093,{}
1039,1997,{}
1039,1626,{}
1039,1244,{}
1039,1757,{}
1039,1907,{}
1040,1415,{}
1040,1051,{}
1040,1053,{}
1040,1970,{}
1040,1062,{}
1040,1064,{}
1040,1069,{}
1040,1309,{}
1040,1202,{}
1040,1075,{}
1040,1077,{}
1040,1079,{}
1040,1720,{}
1040,1082,{}
1040,1086,{}
1040,1215,{}
1040,1091,{}
1040,1348,{}
1040,1992,{}
1040,1097,{}
1040,1099,{}
1040,1104,{}
1040,1530,{}
1040,1375,{}
1040,1123,{}
1040,1769,{}
1040,1646,{}
1040,1395,{}
1040,1273,{}
1040,1146,{}
1041,1581,{}
1041,1043,{}
1041,1813,{}
1041,1046,{}
1041,1047,{}
1041,1048,{}
1041,1825,{}
1041,1965,{}
1041,1584,{}
1041,1076,{}
1041,1078,{}
1041,1079,{}
1041,1084,{}
1041,1085,{}
1041,1088,{}
1041,1092,{}
1041,1094,{}
1041,1097,{}
1041,1873,{}
1041,1638,{}
1041,1233,{}
1041,1532,{}
1041,1903,{}
1041,1137,{}
1042,1217,{}
1042,1806,{}
1042,1181,{}
1042,1043,{}
1042,1044,{}
1042,1046,{}
1042,1431,{}
1042,1050,{}
1042,1903,{}
1042,1053,{}
1042,1566,{}
1042,1056,{}
1042,1057,{}
1042,1445,{}
1042,1065,{}
1042,1450,{}
1042,1451,{}
1042,1068,{}
1042,1710,{}
1042,1071,{}
1042,1072,{}
1042,1073,{}
1042,1075,{}
1042,1438,{}
1042,1078,{}
1042,1081,{}
1042,1971,{}
1042,1086,{}
1042,1077,{}
1042,1089,{}
1042,1092,{}
1042,1781,{}
1042,1096,{}
1042,1353,{}
1042,1085,{}
1042,1245,{}
1042,1767,{}
1042,1899,{}
1042,1519,{}
1042,1568,{}
1042,1658,{}
1043,1927,{}
1043,1929,{}
1043,1935,{}
1043,1044,{}
1043,1045,{}
1043,1292,{}
1043,1944,{}
1043,1051,{}
1043,1052,{}
1043,1059,{}
1043,1060,{}
1043,1063,{}
1043,1960,{}
1043,1705,{}
1043,1076,{}
1043,1545,{}
1043,1080,{}
1043,1465,{}
1043,1982,{}
1043,1088,{}
1043,1730,{}
1043,1095,{}
1043,1097,{}
1043,1106,{}
1043,1113,{}
1043,1755,{}
1043,1937,{}
1043,1519,{}
1043,1397,{}
1043,1193,{}
1043,1919,{}
1043,1685,{}
1044,1809,{}
1044,1045,{}
1044,1048,{}
1044,1053,{}
1044,1054,{}
1044,1823,{}
1044,1830,{}
1044,1064,{}
1044,1449,{}
1044,1074,{}
1044,1088,{}
1044,1729,{}
1044,1091,{}
1044,1092,{}
1044,1097,{}
1044,1099,{}
1044,1805,{}
1044,1618,{}
1044,1913,{}
1044,1881,{}
1044,1889,{}
1044,1891,{}
1044,1765,{}
1044,1126,{}
1044,1257,{}
1044,1517,{}
1044,1521,{}
1044,1065,{}
1044,1785,{}
1045,1676,{}
1045,1555,{}
1045,1432,{}
1045,1818,{}
1045,1053,{}
1045,1056,{}
1045,1968,{}
1045,1060,{}
1045,1063,{}
1045,1065,{}
1045,1067,{}
1045,1069,{}
1045,1072,{}
1045,1074,{}
1045,1079,{}
1045,1323,{}
1045,1724,{}
1045,1085,{}
1045,1094,{}
1045,1098,{}
1045,1231,{}
1045,1700,{}
1045,1914,{}
1045,1375,{}
1045,1891,{}
1045,1393,{}
1045,1140,{}
1045,1150,{}
1046,1153,{}
1046,1795,{}
1046,1158,{}
1046,1538,{}
1046,1808,{}
1046,1557,{}
1046,1051,{}
1046,1053,{}
1046,1059,{}
1046,1060,{}
1046,1063,{}
1046,1065,{}
1046,1068,{}
1046,1783,{}
1046,1779,{}
1046,1718,{}
1046,1079,{}
1046,1375,{}
1046,1980,{}
1046,1255,{}
1046,1086,{}
1046,1087,{}
1046,1088,{}
1046,1862,{}
1046,1098,{}
1046,1639,{}
1046,1871,{}
1046,1831,{}
1046,1363,{}
1046,1882,{}
1046,1094,{}
1046,1955,{}
1046,1631,{}
1046,1893,{}
1046,1383,{}
1046,1769,{}
1046,1107,{}
1047,1670,{}
1047,1159,{}
1047,1048,{}
1047,1050,{}
1047,1179,{}
1047,1391,{}
1047,1541,{}
1047,1442,{}
1047,1799,{}
1047,1074,{}
1047,1075,{}
1047,1076,{}
1047,1079,{}
1047,1083,{}
1047,1596,{}
1047,1971,{}
1047,1091,{}
1047,1092,{}
1047,1093,{}
1047,1098,{}
1047,1745,{}
1047,1494,{}
1047,1753,{}
1047,1418,{}
1047,1505,{}
1047,1636,{}
1047,1361,{}
1047,1724,{}
1047,1085,{}
1047,1151,{}
1048,1539,{}
1048,1266,{}
1048,1049,{}
1048,1050,{}
1048,1436,{}
1048,1055,{}
1048,1061,{}
1048,1065,{}
1048,1066,{}
1048,1842,{}
1048,1071,{}
1048,1330,{}
1048,1078,{}
1048,1082,{}
1048,1951,{}
1048,1087,{}
1048,1088,{}
1048,1475,{}
1048,1398,{}
1048,1098,{}
1048,1083,{}
1048,1681,{}
1048,1512,{}
1048,1267,{}
1049,1540,{}
1049,1163,{}
1049,1172,{}
1049,1177,{}
1049,1051,{}
1049,1498,{}
1049,1059,{}
1049,1572,{}
1049,1062,{}
1049,1064,{}
1049,1065,{}
1049,1073,{}
1049,1587,{}
1049,1846,{}
1049,1079,{}
1049,1080,{}
1049,1209,{}
1049,1085,{}
1049,1214,{}
1049,1469,{}
1049,1632,{}
1049,1091,{}
1049,1604,{}
1049,1224,{}
1049,1481,{}
1049,1357,{}
1049,1369,{}
1049,1370,{}
1049,1499,{}
1049,1060,{}
1049,1888,{}
1049,1254,{}
1049,1096,{}
1050,1156,{}
1050,1552,{}
1050,1428,{}
1050,1817,{}
1050,1061,{}
1050,1063,{}
1050,1832,{}
1050,1067,{}
1050,1070,{}
1050,1071,{}
1050,1072,{}
1050,1079,{}
1050,1081,{}
1050,1082,{}
1050,1087,{}
1050,1730,{}
1050,1093,{}
1050,1622,{}
1050,1111,{}
1050,1370,{}
1050,1373,{}
1050,1896,{}
1050,1898,{}
1050,1390,{}
1050,1522,{}
1050,1400,{}
1050,1914,{}
1051,1152,{}
1051,1798,{}
1051,1052,{}
1051,1053,{}
1051,1054,{}
1051,1183,{}
1051,1063,{}
1051,1065,{}
1051,1068,{}
1051,1070,{}
1051,1073,{}
1051,1074,{}
1051,1075,{}
1051,1076,{}
1051,1077,{}
1051,1079,{}
1051,1338,{}
1051,1083,{}
1051,1980,{}
1051,1726,{}
1051,1087,{}
1051,1092,{}
1051,1093,{}
1051,1098,{}
1051,1613,{}
1051,1751,{}
1051,1114,{}
1051,1850,{}
1051,1374,{}
1051,1259,{}
1051,1902,{}
1051,1135,{}
1051,1139,{}
1051,1531,{}
1052,1157,{}
1052,1800,{}
1052,1198,{}
1052,1305,{}
1052,1054,{}
1052,1056,{}
1052,1059,{}
1052,1060,{}
1052,1061,{}
1052,1062,{}
1052,1063,{}
1052,1067,{}
1052,1196,{}
1052,1069,{}
1052,1070,{}
1052,1074,{}
1052,1716,{}
1052,1225,{}
1052,1076,{}
1052,1082,{}
1052,1342,{}
1052,1088,{}
1052,1090,{}
1052,1350,{}
1052,1095,{}
1052,1097,{}
1052,1994,{}
1052,1492,{}
1052,1622,{}
1052,1243,{}
1052,1530,{}
1052,1888,{}
1052,1514,{}
1052,1385,{}
1052,1236,{}
1053,1942,{}
1053,1303,{}
1053,1308,{}
1053,1054,{}
1053,1669,{}
1053,1056,{}
1053,1058,{}
1053,1061,{}
1053,1064,{}
1053,1066,{}
1053,1070,{}
1053,1714,{}
1053,1716,{}
1053,1246,{}
1053,1592,{}
1053,1076,{}
1053,1089,{}
1053,1090,{}
1053,1347,{}
1053,1092,{}
1053,1477,{}
1053,1096,{}
1053,1997,{}
1053,1118,{}
1053,1896,{}
1053,1129,{}
1053,1386,{}
1053,1643,{}
1053,1135,{}
1053,1454,{}
1053,1659,{}
1054,1670,{}
1054,1423,{}
1054,1818,{}
1054,1314,{}
1054,1060,{}
1054,1066,{}
1054,1067,{}
1054,1071,{}
1054,1073,{}
1054,1076,{}
1054,1845,{}
1054,1337,{}
1054,1084,{}
1054,1085,{}
1054,1088,{}
1054,1089,{}
1054,1739,{}
1054,1093,{}
1054,1096,{}
1054,1865,{}
1054,1098,{}
1054,1227,{}
1054,1355,{}
1054,1341,{}
1054,1384,{}
1054,1099,{}
1054,1913,{}
1055,1537,{}
1055,1938,{}
1055,1070,{}
1055,1435,{}
1055,1314,{}
1055,1062,{}
1055,1065,{}
1055,1970,{}
1055,1198,{}
1055,1074,{}
1055,1075,{}
1055,1080,{}
1055,1981,{}
1055,1858,{}
1055,1163,{}
1055,1605,{}
1055,1094,{}
1055,1358,{}
1055,1742,{}
1055,1756,{}
1055,1505,{}
1055,1890,{}
1055,1644,{}
1055,1653,{}
1056,1794,{}
1056,1155,{}
1056,1924,{}
1056,1729,{}
1056,1867,{}
1056,1687,{}
1056,1439,{}
1056,1057,{}
1056,1058,{}
1056,1478,{}
1056,1064,{}
1056,1069,{}
1056,1070,{}
1056,1071,{}
1056,1097,{}
1056,1079,{}
1056,1082,{}
1056,1084,{}
1056,1854,{}
1056,1089,{}
1056,1218,{}
1056,1091,{}
1056,1093,{}
1056,1094,{}
1056,1975,{}
1056,1954,{}
1056,1605,{}
1056,1366,{}
1056,1240,{}
1056,1375,{}
1056,1889,{}
1056,1762,{}
1056,1640,{}
1056,1532,{}
1057,1922,{}
1057,1940,{}
1057,1946,{}
1057,1967,{}
1057,1313,{}
1057,1058,{}
1057,1060,{}
1057,1071,{}
1057,1072,{}
1057,1074,{}
1057,1845,{}
1057,1079,{}
1057,1982,{}
1057,1474,{}
1057,1732,{}
1057,1868,{}
1057,1996,{}
1057,1618,{}
1057,1507,{}
1057,1242,{}
1057,1840,{}
1057,1890,{}
1057,1763,{}
1057,1511,{}
1057,1770,{}
1058,1239,{}
1058,1947,{}
1058,1827,{}
1058,1064,{}
1058,1065,{}
1058,1068,{}
1058,1070,{}
1058,1844,{}
1058,1081,{}
1058,1210,{}
1058,1598,{}
1058,1076,{}
1058,1088,{}
1058,1345,{}
1058,1092,{}
1058,1095,{}
1058,1097,{}
1058,1099,{}
1058,1612,{}
1058,1621,{}
1058,1623,{}
1058,1082,{}
1058,1529,{}
1058,1125,{}
1058,1255,{}
1058,1520,{}
1058,1086,{}
1058,1535,{}
1059,1676,{}
1059,1293,{}
1059,1426,{}
1059,1539,{}
1059,1689,{}
1059,1565,{}
1059,1312,{}
1059,1067,{}
1059,1068,{}
1059,1075,{}
1059,1716,{}
1059,1077,{}
1059,1334,{}
1059,1080,{}
1059,1076,{}
1059,1211,{}
1059,1086,{}
1059,1088,{}
1059,1091,{}
1059,1093,{}
1059,1098,{}
1059,1686,{}
1059,1747,{}
1059,1493,{}
1059,1622,{}
1059,1081,{}
1059,1112,{}
1059,1625,{}
1059,1502,{}
1059,1248,{}
1059,1636,{}
1059,1269,{}
1059,1273,{}
1059,1275,{}
1059,1174,{}
1060,1669,{}
1060,1709,{}
1060,1940,{}
1060,1691,{}
1060,1961,{}
1060,1965,{}
1060,1071,{}
1060,1072,{}
1060,1076,{}
1060,1950,{}
1060,1088,{}
1060,1602,{}
1060,1091,{}
1060,1094,{}
1060,1229,{}
1060,1490,{}
1060,1627,{}
1060,1378,{}
1060,1090,{}
1060,1666,{}
1061,1922,{}
1061,1416,{}
1061,1079,{}
1061,1066,{}
1061,1068,{}
1061,1072,{}
1061,1076,{}
1061,1077,{}
1061,1590,{}
1061,1463,{}
1061,1720,{}
1061,1084,{}
1061,1085,{}
1061,1087,{}
1061,1094,{}
1061,1098,{}
1061,1099,{}
1061,1486,{}
1061,1488,{}
1061,1873,{}
1061,1498,{}
1061,1244,{}
1061,1501,{}
1061,1374,{}
1061,1508,{}
1061,1468,{}
1061,1655,{}
1061,1919,{}
1062,1288,{}
1062,1804,{}
1062,1554,{}
1062,1940,{}
1062,1558,{}
1062,1063,{}
1062,1836,{}
1062,1072,{}
1062,1077,{}
1062,1993,{}
1062,1089,{}
1062,1861,{}
1062,1097,{}
1062,1744,{}
1062,1401,{}
1062,1247,{}
1062,1761,{}
1062,1893,{}
1062,1407,{}
1063,1802,{}
1063,1299,{}
1063,1304,{}
1063,1433,{}
1063,1306,{}
1063,1791,{}
1063,1315,{}
1063,1478,{}
1063,1066,{}
1063,1068,{}
1063,1839,{}
1063,1074,{}
1063,1076,{}
1063,1088,{}
1063,1094,{}
1063,1737,{}
1063,1995,{}
1063,1107,{}
1063,1493,{}
1063,1504,{}
1063,1144,{}
1063,1403,{}
1064,1286,{}
1064,1691,{}
1064,1584,{}
1064,1067,{}
1064,1072,{}
1064,1715,{}
1064,1972,{}
1064,1077,{}
1064,1079,{}
1064,1083,{}
1064,1354,{}
1064,1346,{}
1064,1091,{}
1064,1097,{}
1064,1098,{}
1064,1612,{}
1064,1998,{}
1064,1626,{}
1064,1373,{}
1064,1118,{}
1064,1887,{}
1064,1532,{}
1064,1910,{}
1065,1729,{}
1065,1811,{}
1065,1311,{}
1065,1187,{}
1065,1195,{}
1065,1068,{}
1065,1069,{}
1065,1071,{}
1065,1864,{}
1065,1074,{}
1065,1075,{}
1065,1076,{}
1065,1333,{}
1065,1848,{}
1065,1082,{}
1065,1087,{}
1065,1216,{}
1065,1089,{}
1065,1092,{}
1065,1605,{}
1065,1352,{}
1065,1217,{}
1065,1100,{}
1065,1878,{}
1065,1586,{}
1065,1893,{}
1065,1134,{}
1065,1650,{}
1065,1523,{}
1065,1096,{}
1065,1406,{}
1066,1928,{}
1066,1801,{}
1066,1431,{}
1066,1817,{}
1066,1819,{}
1066,1068,{}
1066,1070,{}
1066,1327,{}
1066,1712,{}
1066,1073,{}
1066,1458,{}
1066,1590,{}
1066,1977,{}
1066,1082,{}
1066,1083,{}
1066,1084,{}
1066,1085,{}
1066,1982,{}
1066,1087,{}
1066,1088,{}
1066,1089,{}
1066,1092,{}
1066,1093,{}
1066,1862,{}
1066,1095,{}
1066,1098,{}
1066,1614,{}
1066,1876,{}
1066,1466,{}
1066,1898,{}
1066,1899,{}
1066,1780,{}
1066,1086,{}
1067,1793,{}
1067,1153,{}
1067,1544,{}
1067,1418,{}
1067,1424,{}
1067,1155,{}
1067,1569,{}
1067,1649,{}
1067,1075,{}
1067,1081,{}
1067,1085,{}
1067,1088,{}
1067,1089,{}
1067,1091,{}
1067,1092,{}
1067,1095,{}
1067,1096,{}
1067,1485,{}
1067,1494,{}
1067,1753,{}
1067,1291,{}
1067,1654,{}
1067,1530,{}
1068,1294,{}
1068,1680,{}
1068,1553,{}
1068,1518,{}
1068,1924,{}
1068,1311,{}
1068,1074,{}
1068,1715,{}
1068,1076,{}
1068,1077,{}
1068,1078,{}
1068,1080,{}
1068,1593,{}
1068,1082,{}
1068,1087,{}
1068,1478,{}
1068,1095,{}
1068,1096,{}
1068,1098,{}
1068,1186,{}
1068,1489,{}
1068,1295,{}
1068,1978,{}
1068,1873,{}
1068,1773,{}
1068,1577,{}
1069,1664,{}
1069,1800,{}
1069,1801,{}
1069,1551,{}
1069,1809,{}
1069,1185,{}
1069,1576,{}
1069,1197,{}
1069,1071,{}
1069,1072,{}
1069,1073,{}
1069,1076,{}
1069,1206,{}
1069,1083,{}
1069,1084,{}
1069,1085,{}
1069,1091,{}
1069,1093,{}
1069,1095,{}
1069,1619,{}
1069,1493,{}
1069,1889,{}
1069,1723,{}
1069,1896,{}
1069,1133,{}
1069,1107,{}
1069,1268,{}
1069,1528,{}
1069,1877,{}
1070,1537,{}
1070,1541,{}
1070,1928,{}
1070,1678,{}
1070,1476,{}
1070,1328,{}
1070,1703,{}
1070,1455,{}
1070,1072,{}
1070,1073,{}
1070,1075,{}
1070,1077,{}
1070,1081,{}
1070,1082,{}
1070,1084,{}
1070,1085,{}
1070,1985,{}
1070,1602,{}
1070,1092,{}
1070,1223,{}
1070,1352,{}
1070,1225,{}
1070,1099,{}
1070,1874,{}
1070,1806,{}
1070,1594,{}
1070,1787,{}
1070,1129,{}
1070,1910,{}
1070,1658,{}
1071,1281,{}
1071,1287,{}
1071,1683,{}
1071,1569,{}
1071,1943,{}
1071,1668,{}
1071,1695,{}
1071,1189,{}
1071,1969,{}
1071,1736,{}
1071,1198,{}
1071,1713,{}
1071,1076,{}
1071,1077,{}
1071,1078,{}
1071,1084,{}
1071,1982,{}
1071,1600,{}
1071,1824,{}
1071,1090,{}
1071,1092,{}
1071,1095,{}
1071,1992,{}
1071,1099,{}
1071,1100,{}
1071,1357,{}
1071,1741,{}
1071,1616,{}
1071,1520,{}
1071,1497,{}
1071,1232,{}
1071,1764,{}
1071,1509,{}
1071,1382,{}
1071,1260,{}
1071,1264,{}
1071,1905,{}
1071,1856,{}
1071,1146,{}
1071,1787,{}
1072,1965,{}
1072,1224,{}
1072,1441,{}
1072,1073,{}
1072,1160,{}
1072,1074,{}
1072,1075,{}
1072,1081,{}
1072,1082,{}
1072,1083,{}
1072,1084,{}
1072,1213,{}
1072,1086,{}
1072,1093,{}
1072,1094,{}
1072,1223,{}
1072,1096,{}
1072,1097,{}
1072,1099,{}
1072,1458,{}
1072,1877,{}
1072,1241,{}
1072,1935,{}
1072,1252,{}
1072,1773,{}
1072,1262,{}
1072,1394,{}
1072,1928,{}
1073,1794,{}
1073,1283,{}
1073,1166,{}
1073,1296,{}
1073,1178,{}
1073,1308,{}
1073,1699,{}
1073,1193,{}
1073,1074,{}
1073,1076,{}
1073,1182,{}
1073,1974,{}
1073,1081,{}
1073,1339,{}
1073,1212,{}
1073,1085,{}
1073,1086,{}
1073,1205,{}
1073,1088,{}
1073,1091,{}
1073,1221,{}
1073,1099,{}
1073,1998,{}
1073,1554,{}
1073,1890,{}
1073,1381,{}
1073,1768,{}
1073,1897,{}
1073,1397,{}
1073,1271,{}
1073,1150,{}
1074,1792,{}
1074,1542,{}
1074,1930,{}
1074,1676,{}
1074,1517,{}
1074,1944,{}
1074,1178,{}
1074,1962,{}
1074,1711,{}
1074,1077,{}
1074,1078,{}
1074,1097,{}
1074,1695,{}
1074,1084,{}
1074,1085,{}
1074,1461,{}
1074,1091,{}
1074,1094,{}
1074,1441,{}
1074,1865,{}
1074,1200,{}
1074,1870,{}
1074,1487,{}
1074,1502,{}
1074,1099,{}
1074,1525,{}
1074,1271,{}
1074,1087,{}
1075,1297,{}
1075,1305,{}
1075,1453,{}
1075,1582,{}
1075,1076,{}
1075,1077,{}
1075,1080,{}
1075,1722,{}
1075,1084,{}
1075,1085,{}
1075,1086,{}
1075,1087,{}
1075,1089,{}
1075,1092,{}
1075,1093,{}
1075,1991,{}
1075,1864,{}
1075,1100,{}
1075,1231,{}
1075,1362,{}
1075,1364,{}
1075,1367,{}
1075,1808,{}
1075,1891,{}
1075,1252,{}
1075,1169,{}
1075,1170,{}
1075,1262,{}
1075,1521,{}
1075,1403,{}
1076,1282,{}
1076,1669,{}
1076,1287,{}
1076,1804,{}
1076,1424,{}
1076,1301,{}
1076,1814,{}
1076,1077,{}
1076,1078,{}
1076,1993,{}
1076,1085,{}
1076,1589,{}
1076,1089,{}
1076,1091,{}
1076,1095,{}
1076,1096,{}
1076,1097,{}
1076,1098,{}
1076,1826,{}
1076,1725,{}
1076,1636,{}
1076,1126,{}
1076,1392,{}
1076,1524,{}
1076,1272,{}
1076,1087,{}
1077,1284,{}
1077,1803,{}
1077,1838,{}
1077,1668,{}
1077,1694,{}
1077,1951,{}
1077,1442,{}
1077,1078,{}
1077,1080,{}
1077,1081,{}
1077,1084,{}
1077,1085,{}
1077,1343,{}
1077,1088,{}
1077,1349,{}
1077,1097,{}
1077,1742,{}
1077,1111,{}
1077,1497,{}
1077,1957,{}
1077,1641,{}
1077,1406,{}
1077,1654,{}
1077,1274,{}
1077,1790,{}
1078,1280,{}
1078,1541,{}
1078,1708,{}
1078,1954,{}
1078,1081,{}
1078,1595,{}
1078,1468,{}
1078,1085,{}
1078,1973,{}
1078,1476,{}
1078,1095,{}
1078,1096,{}
1078,1097,{}
1078,1738,{}
1078,1099,{}
1078,1442,{}
1078,1244,{}
1078,1885,{}
1078,1297,{}
1078,1379,{}
1078,1425,{}
1078,1129,{}
1078,1770,{}
1078,1511,{}
1078,1644,{}
1078,1651,{}
1078,1780,{}
1078,1141,{}
1079,1920,{}
1079,1536,{}
1079,1284,{}
1079,1547,{}
1079,1676,{}
1079,1389,{}
1079,1311,{}
1079,1329,{}
1079,1139,{}
1079,1652,{}
1079,1083,{}
1079,1596,{}
1079,1482,{}
1079,1087,{}
1079,1092,{}
1079,1093,{}
1079,1185,{}
1079,1916,{}
1079,1226,{}
1079,1234,{}
1079,1098,{}
1079,1751,{}
1079,1752,{}
1079,1467,{}
1079,1509,{}
1079,1084,{}
1079,1398,{}
1079,1662,{}
1080,1857,{}
1080,1196,{}
1080,1428,{}
1080,1182,{}
1080,1838,{}
1080,1712,{}
1080,1082,{}
1080,1596,{}
1080,1725,{}
1080,1088,{}
1080,1089,{}
1080,1092,{}
1080,1097,{}
1080,1099,{}
1080,1876,{}
1080,1109,{}
1080,1476,{}
1080,1766,{}
1080,1131,{}
1080,1391,{}
1080,1267,{}
1080,1654,{}
1080,1389,{}
1080,1658,{}
1081,1420,{}
1081,1167,{}
1081,1173,{}
1081,1816,{}
1081,1778,{}
1081,1647,{}
1081,1824,{}
1081,1445,{}
1081,1958,{}
1081,1453,{}
1081,1849,{}
1081,1226,{}
1081,1696,{}
1081,1475,{}
1081,1140,{}
1081,1098,{}
1081,1869,{}
1081,1108,{}
1081,1368,{}
1081,1512,{}
1081,1385,{}
1081,1771,{}
1081,1388,{}
1081,1393,{}
1081,1813,{}
1082,1682,{}
1082,1301,{}
1082,1310,{}
1082,1578,{}
1082,1199,{}
1082,1587,{}
1082,1204,{}
1082,1337,{}
1082,1343,{}
1082,1472,{}
1082,1481,{}
1082,1098,{}
1082,1365,{}
1082,1526,{}
1082,1144,{}
1082,1530,{}
1082,1564,{}
1083,1792,{}
1083,1159,{}
1083,1291,{}
1083,1807,{}
1083,1810,{}
1083,1518,{}
1083,1949,{}
1083,1323,{}
1083,1723,{}
1083,1468,{}
1083,1085,{}
1083,1089,{}
1083,1090,{}
1083,1903,{}
1083,1096,{}
1083,1356,{}
1083,1108,{}
1083,1110,{}
1083,1495,{}
1083,1760,{}
1083,1256,{}
1083,1260,{}
1083,1192,{}
1083,1781,{}
1083,1525,{}
1083,1527,{}
1084,1922,{}
1084,1689,{}
1084,1448,{}
1084,1465,{}
1084,1210,{}
1084,1085,{}
1084,1730,{}
1084,1091,{}
1084,1093,{}
1084,1094,{}
1084,1740,{}
1084,1489,{}
1084,1412,{}
1084,1243,{}
1084,1130,{}
1084,1137,{}
1084,1778,{}
1084,1525,{}
1084,1822,{}
1085,1548,{}
1085,1556,{}
1085,1952,{}
1085,1832,{}
1085,1924,{}
1085,1290,{}
1085,1219,{}
1085,1093,{}
1085,1608,{}
1085,1100,{}
1085,1101,{}
1085,1445,{}
1085,1392,{}
1085,1777,{}
1085,1528,{}
1085,1173,{}
1086,1817,{}
1086,1821,{}
1086,1950,{}
1086,1697,{}
1086,1829,{}
1086,1961,{}
1086,1290,{}
1086,1088,{}
1086,1089,{}
1086,1091,{}
1086,1093,{}
1086,1096,{}
1086,1484,{}
1086,1870,{}
1086,1443,{}
1086,1366,{}
1086,1113,{}
1086,1630,{}
1086,1633,{}
1086,1765,{}
1086,1894,{}
1086,1642,{}
1086,1682,{}
1086,1143,{}
1086,1535,{}
1087,1923,{}
1087,1324,{}
1087,1166,{}
1087,1297,{}
1087,1584,{}
1087,1840,{}
1087,1464,{}
1087,1588,{}
1087,1088,{}
1087,1986,{}
1087,1419,{}
1087,1860,{}
1087,1096,{}
1087,1102,{}
1087,1903,{}
1088,1665,{}
1088,1925,{}
1088,1932,{}
1088,1535,{}
1088,1179,{}
1088,1448,{}
1088,1564,{}
1088,1843,{}
1088,1852,{}
1088,1727,{}
1088,1093,{}
1088,1479,{}
1088,1096,{}
1088,1097,{}
1088,1331,{}
1088,1109,{}
1088,1238,{}
1088,1114,{}
1088,1251,{}
1088,1253,{}
1088,1292,{}
1088,1653,{}
1088,1270,{}
1089,1283,{}
1089,1687,{}
1089,1955,{}
1089,1828,{}
1089,1702,{}
1089,1456,{}
1089,1332,{}
1089,1852,{}
1089,1983,{}
1089,1091,{}
1089,1092,{}
1089,1337,{}
1089,1446,{}
1089,1214,{}
1089,1270,{}
1089,1405,{}
1090,1665,{}
1090,1671,{}
1090,1931,{}
1090,1822,{}
1090,1951,{}
1090,1955,{}
1090,1573,{}
1090,1265,{}
1090,1324,{}
1090,1837,{}
1090,1202,{}
1090,1694,{}
1090,1725,{}
1090,1859,{}
1090,1093,{}
1090,1607,{}
1090,1096,{}
1090,1733,{}
1090,1875,{}
1090,1365,{}
1090,1372,{}
1090,1402,{}
1090,1595,{}
1090,1637,{}
1090,1148,{}
1090,1395,{}
1090,1658,{}
1090,1277,{}
1091,1157,{}
1091,1933,{}
1091,1555,{}
1091,1176,{}
1091,1945,{}
1091,1957,{}
1091,1194,{}
1091,1718,{}
1091,1335,{}
1091,1860,{}
1091,1603,{}
1091,1092,{}
1091,1221,{}
1091,1737,{}
1091,1571,{}
1091,1120,{}
1091,1505,{}
1091,1250,{}
1091,1635,{}
1091,1764,{}
1091,1126,{}
1091,1714,{}
1092,1543,{}
1092,1804,{}
1092,1134,{}
1092,1959,{}
1092,1981,{}
1092,1350,{}
1092,1095,{}
1092,1097,{}
1092,1749,{}
1092,1128,{}
1092,1882,{}
1092,1755,{}
1092,1376,{}
1092,1384,{}
1092,1893,{}
1092,1646,{}
1092,1896,{}
1092,1941,{}
1093,1664,{}
1093,1559,{}
1093,1550,{}
1093,1734,{}
1093,1094,{}
1093,1101,{}
1093,1307,{}
1093,1243,{}
1093,1508,{}
1093,1253,{}
1093,1128,{}
1093,1212,{}
1093,1133,{}
1093,1906,{}
1093,1726,{}
1093,1145,{}
1093,1706,{}
1094,1794,{}
1094,1367,{}
1094,1166,{}
1094,1688,{}
1094,1689,{}
1094,1961,{}
1094,1459,{}
1094,1978,{}
1094,1802,{}
1094,1470,{}
1094,1218,{}
1094,1219,{}
1094,1771,{}
1094,1096,{}
1094,1420,{}
1094,1617,{}
1094,1491,{}
1094,1108,{}
1094,1623,{}
1094,1401,{}
1094,1892,{}
1094,1657,{}
1094,1858,{}
1095,1664,{}
1095,1285,{}
1095,1437,{}
1095,1313,{}
1095,1318,{}
1095,1704,{}
1095,1180,{}
1095,1458,{}
1095,1195,{}
1095,1460,{}
1095,1470,{}
1095,1863,{}
1095,1097,{}
1095,1099,{}
1095,1103,{}
1095,1372,{}
1095,1253,{}
1095,1530,{}
1095,1116,{}
1095,1662,{}
1096,1801,{}
1096,1551,{}
1096,1309,{}
1096,1583,{}
1096,1989,{}
1096,1099,{}
1096,1718,{}
1096,1888,{}
1096,1342,{}
1096,1855,{}
1096,1533,{}
1097,1796,{}
1097,1678,{}
1097,1551,{}
1097,1561,{}
1097,1311,{}
1097,1577,{}
1097,1991,{}
1097,1585,{}
1097,1695,{}
1097,1477,{}
1097,1481,{}
1097,1486,{}
1097,1361,{}
1097,1879,{}
1097,1625,{}
1097,1505,{}
1097,1890,{}
1097,1787,{}
1098,1414,{}
1098,1964,{}
1098,1937,{}
1098,1690,{}
1098,1564,{}
1098,1181,{}
1098,1461,{}
1098,1204,{}
1098,1989,{}
1098,1222,{}
1098,1225,{}
1098,1099,{}
1098,1317,{}
1098,1510,{}
1098,1897,{}
1098,1704,{}
1098,1396,{}
1098,1278,{}
1099,1547,{}
1099,1169,{}
1099,1939,{}
1099,1686,{}
1099,1821,{}
1099,1776,{}
1099,1480,{}
1099,1703,{}
1099,1971,{}
1099,1983,{}
1099,1110,{}
1099,1514,{}
1099,1518,{}
1099,1266,{}
1099,1786,{}
1099,1663,{}
1099,1917,{}
1099,1151,{}
1100,1664,{}
1101,1311,{}
1101,1241,{}
1101,1235,{}
1103,1348,{}
1103,1149,{}
1105,1240,{}
1105,1137,{}
1106,1601,{}
1106,1973,{}
1107,1577,{}
1107,1939,{}
1107,1214,{}
1108,1947,{}
1108,1767,{}
1108,1523,{}
1108,1301,{}
1108,1366,{}
1109,1371,{}
1109,1213,{}
1109,1373,{}
1110,1290,{}
1110,1238,{}
1112,1789,{}
1113,1831,{}
1113,1962,{}
1113,1554,{}
1113,1780,{}
1114,1635,{}
1114,1673,{}
1114,1718,{}
1114,1279,{}
1115,1285,{}
1115,1254,{}
1115,1805,{}
1115,1679,{}
1115,1593,{}
1116,1597,{}
1117,1409,{}
1117,1227,{}
1117,1932,{}
1117,1373,{}
1118,1576,{}
1118,1887,{}
1119,1992,{}
1120,1256,{}
1121,1684,{}
1122,1160,{}
1122,1534,{}
1123,1812,{}
1123,1901,{}
1124,1696,{}
1124,1506,{}
1124,1989,{}
1124,1171,{}
1124,1726,{}
1124,1919,{}
1125,1207,{}
1126,1651,{}
1127,1187,{}
1127,1902,{}
1127,1775,{}
1127,1911,{}
1127,1243,{}
1128,1318,{}
1128,1386,{}
1128,1324,{}
1129,1955,{}
1129,1546,{}
1129,1935,{}
1129,1681,{}
1129,1426,{}
1129,1342,{}
1130,1309,{}
1130,1151,{}
1131,1746,{}
1131,1286,{}
1133,1889,{}
1133,1787,{}
1134,1514,{}
1134,1387,{}
1134,1326,{}
1134,1839,{}
1134,1412,{}
1134,1594,{}
1135,1865,{}
1135,1783,{}
1135,1529,{}
1135,1663,{}
1136,1211,{}
1137,1189,{}
1137,1446,{}
1137,1944,{}
1138,1479,{}
1139,1248,{}
1139,1316,{}
1139,1320,{}
1139,1937,{}
1140,1604,{}
1140,1926,{}
1140,1381,{}
1141,1376,{}
1142,1235,{}
1144,1636,{}
1144,1317,{}
1144,1578,{}
1144,1425,{}
1144,1930,{}
1145,1289,{}
1145,1258,{}
1146,1455,{}
1146,1958,{}
1147,1835,{}
1148,1928,{}
1148,1538,{}
1149,1712,{}
1150,1991,{}
1150,1405,{}
1150,1554,{}
1150,1236,{}
1150,1597,{}
1151,1158,{}
1151,1548,{}
1151,1391,{}
1152,1956,{}
1153,1250,{}
1153,1384,{}
1153,1690,{}
1153,1343,{}
1154,1313,{}
1154,1933,{}
1155,1216,{}
1155,1245,{}
1156,1337,{}
1156,1348,{}
1157,1666,{}
1157,1346,{}
1158,1370,{}
1158,1638,{}
1159,1654,{}
1160,1514,{}
1160,1805,{}
1162,1815,{}
1162,1643,{}
1163,1362,{}
1163,1231,{}
1164,1640,{}
1164,1949,{}
1165,1364,{}
1165,1866,{}
1166,1863,{}
1166,1748,{}
1166,1657,{}
1166,1564,{}
1168,1217,{}
1168,1548,{}
1169,1504,{}
1169,1952,{}
1169,1750,{}
1169,1598,{}
1170,1435,{}
1170,1966,{}
1171,1591,{}
1172,1643,{}
1172,1459,{}
1172,1630,{}
1176,1641,{}
1176,1373,{}
1176,1670,{}
1177,1676,{}
1177,1721,{}
1178,1692,{}
1178,1541,{}
1179,1416,{}
1181,1487,{}
1181,1553,{}
1181,1850,{}
1181,1818,{}
1183,1976,{}
1183,1420,{}
1183,1979,{}
1184,1843,{}
1184,1876,{}
1184,1678,{}
1185,1417,{}
1185,1796,{}
1185,1813,{}
1186,1284,{}
1186,1978,{}
1186,1493,{}
1186,1382,{}
1187,1392,{}
1188,1476,{}
1188,1373,{}
1188,1453,{}
1189,1794,{}
1189,1592,{}
1190,1227,{}
1190,1660,{}
1190,1269,{}
1191,1986,{}
1191,1900,{}
1191,1808,{}
1191,1681,{}
1191,1660,{}
1192,1992,{}
1192,1721,{}
1193,1284,{}
1193,1845,{}
1193,1565,{}
1196,1507,{}
1196,1575,{}
1197,1682,{}
1198,1925,{}
1198,1768,{}
1198,1516,{}
1198,1396,{}
1199,1777,{}
1199,1308,{}
1199,1606,{}
1200,1250,{}
1200,1877,{}
1201,1698,{}
1201,1563,{}
1201,1883,{}
1202,1880,{}
1204,1665,{}
1204,1347,{}
1204,1430,{}
1205,1696,{}
1205,1228,{}
1206,1808,{}
1206,1798,{}
1206,1680,{}
1206,1337,{}
1206,1756,{}
1206,1629,{}
1207,1893,{}
1208,1536,{}
1208,1355,{}
1208,1559,{}
1209,1553,{}
1209,1877,{}
1210,1828,{}
1211,1802,{}
1211,1738,{}
1212,1410,{}
1212,1745,{}
1212,1423,{}
1212,1431,{}
1212,1375,{}
1214,1730,{}
1215,1781,{}
1217,1670,{}
1217,1451,{}
1217,1375,{}
1218,1995,{}
1219,1466,{}
1219,1285,{}
1220,1599,{}
1221,1301,{}
1221,1295,{}
1222,1820,{}
1222,1836,{}
1222,1764,{}
1222,1957,{}
1224,1833,{}
1224,1735,{}
1225,1644,{}
1225,1343,{}
1226,1577,{}
1227,1607,{}
1227,1930,{}
1227,1261,{}
1228,1996,{}
1228,1777,{}
1228,1823,{}
1229,1645,{}
1230,1579,{}
1230,1492,{}
1231,1346,{}
1232,1365,{}
1232,1742,{}
1233,1305,{}
1234,1937,{}
1235,1543,{}
1235,1706,{}
1235,1919,{}
1236,1758,{}
1236,1637,{}
1236,1841,{}
1236,1493,{}
1237,1441,{}
1237,1307,{}
1237,1861,{}
1237,1689,{}
1238,1698,{}
1238,1313,{}
1238,1662,{}
1239,1637,{}
1240,1469,{}
1241,1904,{}
1241,1443,{}
1241,1843,{}
1241,1720,{}
1242,1606,{}
1242,1259,{}
1242,1334,{}
1242,1369,{}
1243,1553,{}
1243,1690,{}
1244,1629,{}
1246,1259,{}
1246,1485,{}
1247,1442,{}
1247,1805,{}
1248,1696,{}
1248,1362,{}
1249,1432,{}
1249,1289,{}
1249,1251,{}
1250,1371,{}
1251,1794,{}
1251,1280,{}
1251,1508,{}
1251,1914,{}
1252,1937,{}
1252,1972,{}
1253,1700,{}
1253,1662,{}
1254,1697,{}
1254,1723,{}
1254,1449,{}
1254,1360,{}
1255,1512,{}
1256,1728,{}
1256,1453,{}
1257,1736,{}
1258,1504,{}
1259,1489,{}
1261,1349,{}
1262,1507,{}
1262,1550,{}
1262,1746,{}
1262,1939,{}
1264,1814,{}
1265,1336,{}
1265,1355,{}
1265,1861,{}
1266,1863,{}
1266,1726,{}
1266,1910,{}
1266,1950,{}
1268,1874,{}
1268,1686,{}
1268,1775,{}
1269,1542,{}
1270,1796,{}
1270,1775,{}
1270,1632,{}
1271,1958,{}
1271,1930,{}
1271,1934,{}
1272,1512,{}
1273,1900,{}
1273,1534,{}
1275,1663,{}
1276,1992,{}
1276,1387,{}
1276,1982,{}
1277,1462,{}
1278,1642,{}
1279,1315,{}
1279,1317,{}
1279,1996,{}
1279,1838,{}
1279,1775,{}
1280,1958,{}
1280,1496,{}
1280,1727,{}
1281,1929,{}
1281,1685,{}
1281,1614,{}
1282,1896,{}
1282,1650,{}
1282,1469,{}
1283,1669,{}
1283,1958,{}
1284,1705,{}
1285,1938,{}
1285,1332,{}
1285,1982,{}
1286,1472,{}
1286,1737,{}
1286,1292,{}
1286,1817,{}
1286,1563,{}
1287,1357,{}
1287,1489,{}
1289,1643,{}
1289,1405,{}
1289,1823,{}
1290,1890,{}
1290,1853,{}
1290,1970,{}
1291,1422,{}
1292,1584,{}
1293,1756,{}
1293,1955,{}
1293,1926,{}
1294,1986,{}
1294,1932,{}
1294,1774,{}
1294,1905,{}
1294,1715,{}
1294,1588,{}
1295,1883,{}
1295,1323,{}
1295,1887,{}
1296,1646,{}
1297,1584,{}
1297,1430,{}
1298,1832,{}
1298,1899,{}
1298,1549,{}
1298,1503,{}
1299,1593,{}
1299,1527,{}
1299,1980,{}
1300,1666,{}
1300,1763,{}
1300,1860,{}
1300,1701,{}
1300,1608,{}
1302,1517,{}
1302,1796,{}
1303,1667,{}
1304,1699,{}
1304,1701,{}
1304,1642,{}
1304,1328,{}
1305,1676,{}
1305,1753,{}
1306,1732,{}
1306,1925,{}
1306,1716,{}
1306,1973,{}
1307,1485,{}
1307,1998,{}
1307,1939,{}
1307,1748,{}
1307,1373,{}
1308,1346,{}
1308,1849,{}
1309,1962,{}
1310,1447,{}
1311,1476,{}
1311,1575,{}
1311,1562,{}
1311,1353,{}
1312,1752,{}
1313,1445,{}
1313,1353,{}
1314,1599,{}
1315,1609,{}
1315,1729,{}
1316,1544,{}
1317,1765,{}
1317,1364,{}
1317,1623,{}
1317,1402,{}
1317,1962,{}
1318,1497,{}
1318,1889,{}
1319,1369,{}
1319,1900,{}
1319,1423,{}
1320,1970,{}
1320,1398,{}
1320,1623,{}
1321,1955,{}
1321,1886,{}
1322,1576,{}
1323,1601,{}
1324,1881,{}
1325,1913,{}
1325,1582,{}
1326,1855,{}
1326,1426,{}
1326,1983,{}
1327,1607,{}
1327,1585,{}
1327,1944,{}
1328,1566,{}
1328,1766,{}
1329,1917,{}
1329,1629,{}
1330,1407,{}
1331,1378,{}
1331,1645,{}
1332,1722,{}
1333,1772,{}
1333,1409,{}
1334,1777,{}
1334,1669,{}
1335,1460,{}
1336,1592,{}
1336,1957,{}
1337,1889,{}
1337,1353,{}
1337,1715,{}
1337,1857,{}
1339,1650,{}
1339,1388,{}
1341,1795,{}
1341,1558,{}
1342,1667,{}
1344,1393,{}
1345,1688,{}
1345,1969,{}
1346,1976,{}
1347,1917,{}
1348,1478,{}
1348,1642,{}
1348,1998,{}
1348,1684,{}
1348,1820,{}
1349,1700,{}
1349,1607,{}
1349,1428,{}
1350,1555,{}
1350,1591,{}
1351,1490,{}
1351,1647,{}
1351,1925,{}
1352,1558,{}
1352,1697,{}
1353,1793,{}
1355,1761,{}
1355,1667,{}
1355,1560,{}
1357,1714,{}
1357,1471,{}
1358,1399,{}
1358,1837,{}
1358,1390,{}
1358,1369,{}
1360,1992,{}
1360,1532,{}
1362,1487,{}
1362,1552,{}
1362,1692,{}
1362,1917,{}
1363,1603,{}
1363,1452,{}
1363,1599,{}
1364,1797,{}
1364,1936,{}
1364,1470,{}
1365,1448,{}
1365,1658,{}
1366,1393,{}
1368,1662,{}
1369,1386,{}
1369,1401,{}
1369,1880,{}
1370,1825,{}
1370,1609,{}
1370,1903,{}
1370,1563,{}
1370,1438,{}
1372,1770,{}
1373,1815,{}
1373,1436,{}
1374,1585,{}
1374,1683,{}
1375,1782,{}
1375,1633,{}
1375,1582,{}
1376,1995,{}
1377,1467,{}
1379,1947,{}
1379,1453,{}
1380,1679,{}
1380,1502,{}
1381,1390,{}
1382,1391,{}
1382,1947,{}
1382,1532,{}
1383,1421,{}
1383,1806,{}
1383,1807,{}
1383,1464,{}
1384,1929,{}
1384,1748,{}
1384,1720,{}
1385,1609,{}
1386,1671,{}
1386,1938,{}
1386,1527,{}
1387,1990,{}
1387,1438,{}
1388,1930,{}
1388,1771,{}
1390,1688,{}
1392,1525,{}
1393,1780,{}
1394,1449,{}
1394,1666,{}
1394,1453,{}
1395,1422,{}
1396,1637,{}
1396,1773,{}
1396,1939,{}
1396,1593,{}
1397,1806,{}
1397,1499,{}
1399,1706,{}
1399,1570,{}
1399,1823,{}
1400,1560,{}
1400,1720,{}
1400,1477,{}
1401,1560,{}
1401,1937,{}
1403,1847,{}
1403,1624,{}
1403,1788,{}
1404,1462,{}
1405,1462,{}
1407,1420,{}
1407,1487,{}
1408,1525,{}
1408,1927,{}
1409,1725,{}
1411,1780,{}
1412,1568,{}
1413,1653,{}
1413,1894,{}
1415,1956,{}
1415,1423,{}
1419,1898,{}
1420,1552,{}
1420,1690,{}
1421,1651,{}
1422,1451,{}
1422,1910,{}
1423,1849,{}
1424,1875,{}
1424,1739,{}
1425,1483,{}
1426,1872,{}
1426,1699,{}
1427,1912,{}
1428,1664,{}
1428,1510,{}
1429,1592,{}
1429,1474,{}
1429,1537,{}
1430,1594,{}
1432,1584,{}
1432,1567,{}
1434,1569,{}
1434,1907,{}
1436,1574,{}
1436,1969,{}
1436,1627,{}
1437,1985,{}
1437,1539,{}
1439,1706,{}
1439,1458,{}
1441,1930,{}
1441,1966,{}
1441,1592,{}
1441,1978,{}
1442,1767,{}
1442,1673,{}
1443,1505,{}
1443,1576,{}
1443,1939,{}
1444,1680,{}
1444,1797,{}
1444,1638,{}
1446,1728,{}
1447,1548,{}
1447,1602,{}
1447,1756,{}
1448,1580,{}
1448,1942,{}
1451,1728,{}
1452,1644,{}
1453,1641,{}
1453,1964,{}
1453,1463,{}
1456,1692,{}
1459,1800,{}
1460,1536,{}
1461,1626,{}
1461,1799,{}
1462,1984,{}
1463,1918,{}
1464,1823,{}
1464,1691,{}
1465,1938,{}
1465,1810,{}
1466,1484,{}
1466,1617,{}
1466,1503,{}
1467,1481,{}
1468,1629,{}
1470,1797,{}
1470,1895,{}
1470,1567,{}
1472,1915,{}
1473,1959,{}
1473,1487,{}
1474,1566,{}
1475,1795,{}
1475,1726,{}
1477,1990,{}
1478,1861,{}
1478,1548,{}
1479,1512,{}
1480,1573,{}
1481,1928,{}
1482,1575,{}
1482,1619,{}
1482,1724,{}
1483,1861,{}
1484,1822,{}
1485,1506,{}
1485,1802,{}
1485,1978,{}
1487,1860,{}
1488,1894,{}
1489,1922,{}
1489,1706,{}
1490,1683,{}
1491,1972,{}
1492,1997,{}
1494,1498,{}
1494,1933,{}
1495,1818,{}
1496,1548,{}
1497,1856,{}
1499,1772,{}
1499,1617,{}
1500,1512,{}
1500,1938,{}
1501,1707,{}
1501,1830,{}
1502,1602,{}
1505,1869,{}
1506,1759,{}
1507,1816,{}
1508,1673,{}
1509,1728,{}
1509,1552,{}
1509,1918,{}
1510,1746,{}
1510,1598,{}
1512,1519,{}
1512,1630,{}
1513,1559,{}
1513,1789,{}
1513,1599,{}
1515,1970,{}
1515,1779,{}
1516,1554,{}
1517,1710,{}
1518,1962,{}
1520,1644,{}
1520,1941,{}
1521,1719,{}
1522,1900,{}
1526,1725,{}
1527,1816,{}
1527,1745,{}
1529,1765,{}
1530,1825,{}
1531,1854,{}
1531,1967,{}
1532,1735,{}
1534,1642,{}
1536,1793,{}
1536,1770,{}
1540,1736,{}
1540,1896,{}
1541,1606,{}
1541,1627,{}
1542,1654,{}
1544,1867,{}
1545,1869,{}
1547,1840,{}
1547,1713,{}
1547,1560,{}
1547,1819,{}
1549,1560,{}
1550,1696,{}
1550,1987,{}
1551,1906,{}
1551,1909,{}
1552,1933,{}
1552,1977,{}
1553,1923,{}
1553,1846,{}
1555,1971,{}
1555,1692,{}
1557,1611,{}
1557,1683,{}
1558,1813,{}
1559,1945,{}
1560,1826,{}
1560,1942,{}
1560,1819,{}
1561,1874,{}
1561,1877,{}
1563,1947,{}
1564,1896,{}
1565,1708,{}
1565,1821,{}
1567,1767,{}
1567,1720,{}
1567,1972,{}
1567,1877,{}
1569,1576,{}
1573,1670,{}
1573,1591,{}
1574,1919,{}
1576,1842,{}
1576,1748,{}
1576,1596,{}
1577,1865,{}
1578,1698,{}
1578,1799,{}
1578,1976,{}
1579,1656,{}
1583,1654,{}
1586,1614,{}
1590,1853,{}
1591,1642,{}
1591,1903,{}
1591,1958,{}
1592,1891,{}
1595,1722,{}
1595,1717,{}
1596,1681,{}
1597,1645,{}
1599,1601,{}
1599,1639,{}
1599,1945,{}
1599,1737,{}
1602,1690,{}
1603,1613,{}
1606,1716,{}
1609,1627,{}
1610,1993,{}
1610,1738,{}
1610,1933,{}
1611,1792,{}
1612,1755,{}
1613,1619,{}
1614,1656,{}
1616,1754,{}
1616,1655,{}
1617,1769,{}
1617,1741,{}
1617,1677,{}
1619,1718,{}
1620,1659,{}
1620,1836,{}
1620,1790,{}
1621,1832,{}
1622,1806,{}
1625,1691,{}
1625,1865,{}
1626,1934,{}
1629,1961,{}
1629,1714,{}
1631,1843,{}
1631,1759,{}
1633,1992,{}
1633,1764,{}
1634,1912,{}
1636,1732,{}
1636,1780,{}
1639,1911,{}
1640,1907,{}
1640,1967,{}
1641,1842,{}
1641,1851,{}
1647,1979,{}
1647,1740,{}
1648,1928,{}
1649,1745,{}
1649,1955,{}
1651,1670,{}
1653,1804,{}
1653,1838,{}
1655,1701,{}
1655,1703,{}
1656,1915,{}
1656,1679,{}
1658,1900,{}
1659,1961,{}
1659,1711,{}
1659,1759,{}
1660,1957,{}
1660,1741,{}
1660,1981,{}
1661,1772,{}
1662,1975,{}
1663,1946,{}
1663,1679,{}
1664,1843,{}
1666,1926,{}
1666,1797,{}
1669,1990,{}
1670,1927,{}
1670,1941,{}
1670,1949,{}
1671,1743,{}
1671,1751,{}
1672,1797,{}
1673,1768,{}
1673,1753,{}
1674,1813,{}
1674,1838,{}
1674,1735,{}
1675,1994,{}
1676,1815,{}
1679,1959,{}
1679,1964,{}
1679,1944,{}
1682,1959,{}
1682,1866,{}
1683,1804,{}
1684,1746,{}
1684,1821,{}
1685,1906,{}
1685,1709,{}
1686,1980,{}
1689,1721,{}
1691,1763,{}
1691,1719,{}
1692,1938,{}
1693,1728,{}
1693,1745,{}
1694,1941,{}
1695,1913,{}
1696,1964,{}
1697,1937,{}
1700,1726,{}
1701,1755,{}
1706,1864,{}
1707,1915,{}
1707,1765,{}
1708,1822,{}
1709,1953,{}
1709,1968,{}
1710,1738,{}
1710,1931,{}
1710,1755,{}
1710,1983,{}
1714,1897,{}
1714,1844,{}
1719,1731,{}
1720,1944,{}
1721,1839,{}
1723,1989,{}
1723,1848,{}
1723,1822,{}
1728,1847,{}
1728,1855,{}
1731,1953,{}
1739,1948,{}
1740,1964,{}
1740,1767,{}
1741,1758,{}
1746,1796,{}
1747,1854,{}
1748,1797,{}
1750,1833,{}
1751,1858,{}
1752,1998,{}
1754,1842,{}
1758,1831,{}
1760,1887,{}
1762,1968,{}
1762,1979,{}
1764,1804,{}
1765,1903,{}
1772,1860,{}
1772,1910,{}
1774,1859,{}
1774,1783,{}
1774,1913,{}
1778,1928,{}
1778,1890,{}
1778,1812,{}
1783,1936,{}
1783,1812,{}
1784,1909,{}
1784,1982,{}
1788,1929,{}
1789,1826,{}
1790,1867,{}
1794,1960,{}
1794,1891,{}
1795,1882,{}
1797,1995,{}
1801,1929,{}
1801,1884,{}
1803,1864,{}
1804,1987,{}
1810,1896,{}
1812,1885,{}
1813,1884,{}
1814,1975,{}
1816,1974,{}
1819,1961,{}
1822,1989,{}
1823,1963,{}
1824,1851,{}
1826,1960,{}
1828,1839,{}
1829,1864,{}
1829,1964,{}
1830,1904,{}
1830,1962,{}
1831,1839,{}
1831,1847,{}
1836,1857,{}
1836,1910,{}
1837,1921,{}
1838,1976,{}
1838,1842,{}
1843,1964,{}
1846,1878,{}
1848,1990,{}
1851,1872,{}
1853,1912,{}
1855,1883,{}
1856,1971,{}
1857,1927,{}
1863,1952,{}
1865,1906,{}
1868,1928,{}
1870,1992,{}
1875,1881,{}
1876,1902,{}
1880,1911,{}
1882,1909,{}
1886,1991,{}
1889,1948,{}
1891,1971,{}
1893,1899,{}
1895,1943,{}
1899,1998,{}
1909,1917,{}
1921,1926,{}
1939,1982,{}
1951,1990,{}
1976,1989,{}
1976,1999,{}
1976,1980,{}
1982,1983,{}
