0,1,{}
0,3,{}
0,5,{}
0,134,{}
0,7,{}
0,264,{}
0,10,{}
0,12,{}
0,16,{}
0,17,{}
0,18,{}
0,19,{}
0,20,{}
0,22,{}
0,24,{}
0,25,{}
0,28,{}
0,33,{}
0,34,{}
0,35,{}
0,166,{}
0,39,{}
0,42,{}
0,43,{}
0,44,{}
0,49,{}
0,180,{}
0,309,{}
0,185,{}
0,189,{}
0,446,{}
0,70,{}
0,339,{}
0,212,{}
0,220,{}
0,350,{}
0,486,{}
0,361,{}
0,362,{}
0,468,{}
0,237,{}
0,246,{}
0,376,{}
0,121,{}
1,129,{}
1,2,{}
1,3,{}
1,261,{}
1,6,{}
1,7,{}
1,9,{}
1,10,{}
1,11,{}
1,14,{}
1,16,{}
1,403,{}
1,46,{}
1,22,{}
1,23,{}
1,27,{}
1,29,{}
1,30,{}
1,289,{}
1,35,{}
1,37,{}
1,38,{}
1,40,{}
1,297,{}
1,44,{}
1,174,{}
1,157,{}
1,304,{}
1,305,{}
1,279,{}
1,450,{}
1,69,{}
1,456,{}
1,460,{}
1,465,{}
1,484,{}
1,356,{}
1,489,{}
1,217,{}
1,345,{}
2,5,{}
2,7,{}
2,8,{}
2,44,{}
2,12,{}
2,397,{}
2,271,{}
2,16,{}
2,18,{}
2,19,{}
2,21,{}
2,24,{}
2,26,{}
2,47,{}
2,29,{}
2,30,{}
2,32,{}
2,162,{}
2,35,{}
2,37,{}
2,38,{}
2,39,{}
2,42,{}
2,172,{}
2,431,{}
2,48,{}
2,136,{}
2,319,{}
2,450,{}
2,210,{}
2,483,{}
2,219,{}
2,355,{}
2,100,{}
2,241,{}
2,405,{}
3,6,{}
3,7,{}
3,264,{}
3,9,{}
3,12,{}
3,13,{}
3,15,{}
3,404,{}
3,21,{}
3,22,{}
3,24,{}
3,25,{}
3,26,{}
3,283,{}
3,29,{}
3,32,{}
3,33,{}
3,27,{}
3,36,{}
3,165,{}
3,41,{}
3,42,{}
3,43,{}
3,44,{}
3,45,{}
3,46,{}
3,47,{}
3,48,{}
3,328,{}
3,432,{}
3,52,{}
3,443,{}
3,193,{}
3,200,{}
3,339,{}
3,87,{}
3,399,{}
3,358,{}
3,307,{}
3,112,{}
4,5,{}
4,6,{}
4,8,{}
4,9,{}
4,10,{}
4,13,{}
4,14,{}
4,15,{}
4,16,{}
4,17,{}
4,19,{}
4,276,{}
4,149,{}
4,23,{}
4,29,{}
4,30,{}
4,31,{}
4,160,{}
4,34,{}
4,294,{}
4,42,{}
4,299,{}
4,45,{}
4,46,{}
4,541,{}
4,48,{}
4,49,{}
4,188,{}
4,73,{}
4,75,{}
4,205,{}
4,87,{}
4,90,{}
4,95,{}
4,225,{}
4,357,{}
4,107,{}
4,493,{}
4,113,{}
5,384,{}
5,10,{}
5,11,{}
5,45,{}
5,144,{}
5,21,{}
5,150,{}
5,24,{}
5,25,{}
5,26,{}
5,30,{}
5,32,{}
5,419,{}
5,38,{}
5,296,{}
5,301,{}
5,46,{}
5,47,{}
5,48,{}
5,49,{}
5,434,{}
5,438,{}
5,329,{}
5,206,{}
5,354,{}
5,492,{}
5,376,{}
5,252,{}
5,253,{}
6,128,{}
6,135,{}
6,9,{}
6,13,{}
6,14,{}
6,15,{}
6,16,{}
6,19,{}
6,20,{}
6,21,{}
6,23,{}
6,24,{}
6,25,{}
6,27,{}
6,28,{}
6,29,{}
6,30,{}
6,31,{}
6,32,{}
6,418,{}
6,35,{}
6,36,{}
6,38,{}
6,39,{}
6,40,{}
6,170,{}
6,45,{}
6,47,{}
6,48,{}
6,435,{}
6,158,{}
6,452,{}
6,546,{}
6,81,{}
6,82,{}
6,212,{}
6,215,{}
6,429,{}
6,92,{}
6,337,{}
6,106,{}
6,466,{}
6,281,{}
6,255,{}
7,534,{}
7,8,{}
7,10,{}
7,12,{}
7,13,{}
7,14,{}
7,15,{}
7,17,{}
7,19,{}
7,20,{}
7,21,{}
7,22,{}
7,23,{}
7,24,{}
7,26,{}
7,27,{}
7,29,{}
7,32,{}
7,33,{}
7,35,{}
7,36,{}
7,37,{}
7,39,{}
7,41,{}
7,427,{}
7,44,{}
7,45,{}
7,413,{}
7,48,{}
7,49,{}
7,179,{}
7,183,{}
7,314,{}
7,289,{}
7,335,{}
7,336,{}
7,466,{}
7,211,{}
7,87,{}
7,473,{}
7,102,{}
7,273,{}
7,237,{}
7,417,{}
7,403,{}
7,122,{}
7,405,{}
8,9,{}
8,10,{}
8,11,{}
8,15,{}
8,16,{}
8,17,{}
8,18,{}
8,20,{}
8,21,{}
8,22,{}
8,26,{}
8,28,{}
8,31,{}
8,32,{}
8,417,{}
8,35,{}
8,36,{}
8,37,{}
8,38,{}
8,41,{}
8,44,{}
8,47,{}
8,48,{}
8,51,{}
8,300,{}
8,190,{}
8,204,{}
8,464,{}
8,214,{}
8,472,{}
8,164,{}
8,364,{}
8,369,{}
8,371,{}
8,374,{}
8,499,{}
9,393,{}
9,10,{}
9,12,{}
9,13,{}
9,14,{}
9,15,{}
9,17,{}
9,18,{}
9,19,{}
9,20,{}
9,21,{}
9,24,{}
9,25,{}
9,28,{}
9,30,{}
9,34,{}
9,292,{}
9,37,{}
9,38,{}
9,39,{}
9,40,{}
9,41,{}
9,43,{}
9,44,{}
9,173,{}
9,46,{}
9,137,{}
9,312,{}
9,186,{}
9,461,{}
9,462,{}
9,463,{}
9,84,{}
9,344,{}
9,90,{}
9,293,{}
9,107,{}
9,117,{}
9,119,{}
9,405,{}
10,128,{}
10,11,{}
10,13,{}
10,398,{}
10,15,{}
10,17,{}
10,20,{}
10,22,{}
10,23,{}
10,27,{}
10,34,{}
10,35,{}
10,36,{}
10,38,{}
10,39,{}
10,298,{}
10,44,{}
10,45,{}
10,46,{}
10,385,{}
10,49,{}
10,308,{}
10,440,{}
10,335,{}
10,358,{}
10,111,{}
10,498,{}
10,115,{}
10,148,{}
10,136,{}
10,126,{}
11,512,{}
11,13,{}
11,14,{}
11,16,{}
11,17,{}
11,20,{}
11,21,{}
11,22,{}
11,155,{}
11,28,{}
11,29,{}
11,30,{}
11,31,{}
11,32,{}
11,34,{}
11,164,{}
11,37,{}
11,38,{}
11,39,{}
11,40,{}
11,297,{}
11,44,{}
11,46,{}
11,47,{}
11,48,{}
11,177,{}
11,436,{}
11,58,{}
11,187,{}
11,324,{}
11,290,{}
11,222,{}
11,423,{}
11,109,{}
11,110,{}
11,174,{}
11,124,{}
12,257,{}
12,132,{}
12,262,{}
12,14,{}
12,18,{}
12,19,{}
12,404,{}
12,22,{}
12,23,{}
12,24,{}
12,25,{}
12,27,{}
12,29,{}
12,30,{}
12,32,{}
12,35,{}
12,36,{}
12,165,{}
12,38,{}
12,41,{}
12,42,{}
12,43,{}
12,44,{}
12,46,{}
12,48,{}
12,179,{}
12,414,{}
12,440,{}
12,442,{}
12,189,{}
12,464,{}
12,84,{}
12,91,{}
12,348,{}
12,95,{}
12,208,{}
12,365,{}
12,242,{}
12,381,{}
13,386,{}
13,406,{}
13,14,{}
13,15,{}
13,145,{}
13,21,{}
13,22,{}
13,151,{}
13,24,{}
13,26,{}
13,28,{}
13,31,{}
13,32,{}
13,34,{}
13,35,{}
13,36,{}
13,37,{}
13,38,{}
13,39,{}
13,41,{}
13,44,{}
13,45,{}
13,47,{}
13,49,{}
13,310,{}
13,492,{}
13,448,{}
13,326,{}
13,74,{}
13,75,{}
13,418,{}
13,462,{}
13,208,{}
13,81,{}
13,343,{}
13,164,{}
13,96,{}
13,408,{}
13,232,{}
13,489,{}
13,236,{}
13,244,{}
13,118,{}
14,136,{}
14,142,{}
14,15,{}
14,17,{}
14,19,{}
14,21,{}
14,23,{}
14,24,{}
14,27,{}
14,412,{}
14,31,{}
14,32,{}
14,33,{}
14,35,{}
14,36,{}
14,37,{}
14,38,{}
14,39,{}
14,43,{}
14,46,{}
14,47,{}
14,48,{}
14,262,{}
14,139,{}
14,407,{}
14,203,{}
14,397,{}
14,214,{}
14,92,{}
14,273,{}
14,360,{}
14,237,{}
14,238,{}
14,240,{}
14,247,{}
14,251,{}
14,381,{}
14,510,{}
15,16,{}
15,18,{}
15,19,{}
15,21,{}
15,22,{}
15,23,{}
15,24,{}
15,409,{}
15,154,{}
15,28,{}
15,29,{}
15,30,{}
15,32,{}
15,161,{}
15,34,{}
15,36,{}
15,37,{}
15,39,{}
15,40,{}
15,41,{}
15,47,{}
15,433,{}
15,134,{}
15,455,{}
15,156,{}
15,219,{}
15,355,{}
15,240,{}
15,499,{}
15,372,{}
16,257,{}
16,109,{}
16,18,{}
16,19,{}
16,20,{}
16,21,{}
16,534,{}
16,151,{}
16,26,{}
16,27,{}
16,29,{}
16,31,{}
16,32,{}
16,33,{}
16,37,{}
16,38,{}
16,39,{}
16,41,{}
16,43,{}
16,46,{}
16,47,{}
16,49,{}
16,436,{}
16,191,{}
16,160,{}
16,66,{}
16,390,{}
16,288,{}
16,472,{}
16,352,{}
16,229,{}
16,361,{}
16,490,{}
16,274,{}
16,366,{}
16,373,{}
16,105,{}
16,264,{}
17,257,{}
17,258,{}
17,43,{}
17,401,{}
17,19,{}
17,20,{}
17,22,{}
17,23,{}
17,24,{}
17,282,{}
17,27,{}
17,28,{}
17,30,{}
17,31,{}
17,33,{}
17,37,{}
17,39,{}
17,40,{}
17,41,{}
17,42,{}
17,299,{}
17,48,{}
17,306,{}
17,158,{}
17,438,{}
17,137,{}
17,68,{}
17,310,{}
17,199,{}
17,341,{}
17,88,{}
17,349,{}
17,353,{}
17,259,{}
17,494,{}
17,515,{}
17,383,{}
18,129,{}
18,139,{}
18,19,{}
18,20,{}
18,21,{}
18,23,{}
18,25,{}
18,26,{}
18,28,{}
18,31,{}
18,34,{}
18,35,{}
18,36,{}
18,39,{}
18,41,{}
18,45,{}
18,430,{}
18,48,{}
18,307,{}
18,451,{}
18,76,{}
18,338,{}
18,471,{}
18,216,{}
18,412,{}
18,362,{}
18,126,{}
19,384,{}
19,136,{}
19,20,{}
19,24,{}
19,25,{}
19,26,{}
19,411,{}
19,30,{}
19,32,{}
19,33,{}
19,37,{}
19,38,{}
19,39,{}
19,40,{}
19,42,{}
19,43,{}
19,46,{}
19,47,{}
19,48,{}
19,308,{}
19,67,{}
19,453,{}
19,338,{}
19,345,{}
19,295,{}
19,236,{}
20,409,{}
20,259,{}
20,150,{}
20,45,{}
20,22,{}
20,281,{}
20,152,{}
20,25,{}
20,26,{}
20,27,{}
20,28,{}
20,29,{}
20,30,{}
20,31,{}
20,32,{}
20,549,{}
20,294,{}
20,39,{}
20,284,{}
20,42,{}
20,43,{}
20,301,{}
20,46,{}
20,49,{}
20,52,{}
20,186,{}
20,445,{}
20,320,{}
20,203,{}
20,282,{}
20,412,{}
20,391,{}
20,357,{}
20,317,{}
20,379,{}
21,22,{}
21,27,{}
21,29,{}
21,31,{}
21,32,{}
21,33,{}
21,34,{}
21,35,{}
21,38,{}
21,40,{}
21,425,{}
21,42,{}
21,43,{}
21,45,{}
21,46,{}
21,47,{}
21,49,{}
21,178,{}
21,53,{}
21,288,{}
21,130,{}
21,162,{}
21,337,{}
21,467,{}
21,342,{}
21,476,{}
21,144,{}
21,226,{}
21,274,{}
21,243,{}
21,376,{}
22,146,{}
22,387,{}
22,25,{}
22,26,{}
22,27,{}
22,28,{}
22,29,{}
22,410,{}
22,31,{}
22,32,{}
22,163,{}
22,37,{}
22,39,{}
22,156,{}
22,42,{}
22,285,{}
22,48,{}
22,311,{}
22,452,{}
22,73,{}
22,207,{}
22,216,{}
22,143,{}
22,223,{}
22,99,{}
22,230,{}
22,102,{}
22,500,{}
22,298,{}
22,254,{}
22,426,{}
23,393,{}
23,267,{}
23,277,{}
23,25,{}
23,26,{}
23,28,{}
23,29,{}
23,30,{}
23,32,{}
23,35,{}
23,36,{}
23,37,{}
23,38,{}
23,40,{}
23,426,{}
23,43,{}
23,44,{}
23,46,{}
23,320,{}
23,65,{}
23,201,{}
23,459,{}
23,343,{}
23,347,{}
23,257,{}
23,422,{}
23,498,{}
24,152,{}
24,25,{}
24,27,{}
24,28,{}
24,29,{}
24,30,{}
24,32,{}
24,33,{}
24,35,{}
24,38,{}
24,41,{}
24,42,{}
24,43,{}
24,45,{}
24,47,{}
24,51,{}
24,315,{}
24,321,{}
24,466,{}
24,340,{}
24,344,{}
24,399,{}
24,358,{}
24,486,{}
24,103,{}
24,519,{}
24,490,{}
24,387,{}
24,494,{}
24,495,{}
25,256,{}
25,26,{}
25,27,{}
25,31,{}
25,34,{}
25,35,{}
25,37,{}
25,38,{}
25,40,{}
25,42,{}
25,43,{}
25,46,{}
25,48,{}
25,49,{}
25,178,{}
25,55,{}
25,57,{}
25,192,{}
25,197,{}
25,228,{}
25,485,{}
25,231,{}
25,361,{}
25,402,{}
25,252,{}
25,166,{}
26,279,{}
26,27,{}
26,31,{}
26,33,{}
26,34,{}
26,35,{}
26,38,{}
26,39,{}
26,40,{}
26,41,{}
26,43,{}
26,44,{}
26,48,{}
26,392,{}
26,312,{}
26,415,{}
26,49,{}
26,199,{}
26,389,{}
26,333,{}
26,488,{}
26,370,{}
26,382,{}
27,128,{}
27,393,{}
27,29,{}
27,416,{}
27,35,{}
27,38,{}
27,40,{}
27,43,{}
27,44,{}
27,45,{}
27,46,{}
27,47,{}
27,48,{}
27,49,{}
27,185,{}
27,394,{}
27,62,{}
27,331,{}
27,77,{}
27,89,{}
27,474,{}
27,257,{}
27,351,{}
27,272,{}
27,101,{}
27,104,{}
27,243,{}
28,259,{}
28,388,{}
28,135,{}
28,538,{}
28,47,{}
28,29,{}
28,32,{}
28,33,{}
28,37,{}
28,40,{}
28,41,{}
28,42,{}
28,299,{}
28,303,{}
28,49,{}
28,54,{}
28,58,{}
28,192,{}
28,465,{}
28,213,{}
28,86,{}
28,345,{}
28,474,{}
28,43,{}
28,280,{}
28,95,{}
28,480,{}
28,425,{}
28,484,{}
28,273,{}
28,421,{}
28,359,{}
28,364,{}
28,402,{}
28,497,{}
28,503,{}
28,413,{}
28,378,{}
29,47,{}
29,138,{}
29,147,{}
29,132,{}
29,33,{}
29,546,{}
29,35,{}
29,36,{}
29,37,{}
29,38,{}
29,39,{}
29,40,{}
29,42,{}
29,43,{}
29,44,{}
29,45,{}
29,175,{}
29,48,{}
29,49,{}
29,65,{}
29,66,{}
29,139,{}
29,292,{}
29,90,{}
29,347,{}
29,479,{}
29,263,{}
29,400,{}
29,113,{}
29,377,{}
29,149,{}
30,266,{}
30,260,{}
30,284,{}
30,33,{}
30,163,{}
30,36,{}
30,37,{}
30,38,{}
30,49,{}
30,41,{}
30,42,{}
30,45,{}
30,176,{}
30,305,{}
30,446,{}
30,63,{}
30,320,{}
30,193,{}
30,395,{}
30,71,{}
30,396,{}
30,458,{}
30,339,{}
30,216,{}
30,476,{}
30,477,{}
30,478,{}
30,224,{}
30,294,{}
30,232,{}
30,375,{}
30,276,{}
30,123,{}
30,124,{}
31,258,{}
31,261,{}
31,147,{}
31,280,{}
31,32,{}
31,48,{}
31,38,{}
31,40,{}
31,169,{}
31,42,{}
31,45,{}
31,304,{}
31,310,{}
31,439,{}
31,132,{}
31,444,{}
31,446,{}
31,64,{}
31,467,{}
31,470,{}
31,144,{}
31,233,{}
31,110,{}
31,367,{}
31,243,{}
31,245,{}
31,503,{}
31,404,{}
31,381,{}
32,152,{}
32,35,{}
32,37,{}
32,422,{}
32,40,{}
32,41,{}
32,42,{}
32,49,{}
32,307,{}
32,437,{}
32,57,{}
32,332,{}
32,78,{}
32,80,{}
32,344,{}
32,90,{}
32,94,{}
32,225,{}
32,104,{}
32,144,{}
33,265,{}
33,284,{}
33,34,{}
33,35,{}
33,36,{}
33,38,{}
33,40,{}
33,43,{}
33,45,{}
33,47,{}
33,48,{}
33,305,{}
33,54,{}
33,244,{}
33,249,{}
33,218,{}
33,475,{}
33,221,{}
33,478,{}
33,487,{}
33,235,{}
33,110,{}
33,368,{}
33,114,{}
33,116,{}
33,121,{}
34,134,{}
34,270,{}
34,275,{}
34,405,{}
34,35,{}
34,36,{}
34,37,{}
34,41,{}
34,46,{}
34,47,{}
34,48,{}
34,435,{}
34,138,{}
34,440,{}
34,59,{}
34,266,{}
34,63,{}
34,456,{}
34,330,{}
34,334,{}
34,207,{}
34,271,{}
34,419,{}
34,218,{}
34,219,{}
34,165,{}
34,98,{}
34,357,{}
34,230,{}
34,363,{}
34,239,{}
34,127,{}
35,37,{}
35,38,{}
35,39,{}
35,42,{}
35,43,{}
35,45,{}
35,46,{}
35,48,{}
35,49,{}
35,441,{}
35,314,{}
35,187,{}
35,522,{}
35,134,{}
35,194,{}
35,72,{}
35,396,{}
35,204,{}
35,93,{}
35,99,{}
35,359,{}
35,107,{}
35,108,{}
35,239,{}
35,496,{}
35,116,{}
35,117,{}
35,118,{}
35,153,{}
35,254,{}
36,256,{}
36,129,{}
36,133,{}
36,163,{}
36,38,{}
36,39,{}
36,40,{}
36,429,{}
36,47,{}
36,136,{}
36,61,{}
36,63,{}
36,450,{}
36,196,{}
36,49,{}
36,326,{}
36,459,{}
36,207,{}
36,477,{}
36,294,{}
36,447,{}
36,250,{}
36,507,{}
37,260,{}
37,138,{}
37,38,{}
37,39,{}
37,40,{}
37,412,{}
37,170,{}
37,171,{}
37,44,{}
37,47,{}
37,49,{}
37,478,{}
37,316,{}
37,319,{}
37,320,{}
37,322,{}
37,139,{}
37,457,{}
37,291,{}
37,269,{}
37,208,{}
37,419,{}
37,212,{}
37,219,{}
37,222,{}
37,96,{}
37,253,{}
38,409,{}
38,129,{}
38,412,{}
38,39,{}
38,42,{}
38,45,{}
38,176,{}
38,435,{}
38,317,{}
38,327,{}
38,76,{}
38,141,{}
38,212,{}
38,220,{}
38,491,{}
38,493,{}
38,242,{}
38,115,{}
38,502,{}
38,250,{}
38,382,{}
39,159,{}
39,40,{}
39,42,{}
39,44,{}
39,45,{}
39,46,{}
39,47,{}
39,176,{}
39,50,{}
39,308,{}
39,309,{}
39,186,{}
39,318,{}
39,465,{}
39,210,{}
39,526,{}
39,471,{}
39,144,{}
39,401,{}
39,240,{}
39,120,{}
39,127,{}
40,410,{}
40,162,{}
40,296,{}
40,42,{}
40,172,{}
40,46,{}
40,47,{}
40,49,{}
40,308,{}
40,439,{}
40,287,{}
40,444,{}
40,279,{}
40,65,{}
40,331,{}
40,335,{}
40,433,{}
40,345,{}
40,218,{}
40,97,{}
40,315,{}
40,495,{}
40,424,{}
40,187,{}
40,119,{}
40,120,{}
40,381,{}
41,390,{}
41,152,{}
41,287,{}
41,420,{}
41,156,{}
41,44,{}
41,45,{}
41,47,{}
41,304,{}
41,51,{}
41,54,{}
41,183,{}
41,56,{}
41,323,{}
41,196,{}
41,268,{}
41,79,{}
41,83,{}
41,479,{}
41,482,{}
41,408,{}
41,499,{}
41,373,{}
41,374,{}
41,378,{}
42,65,{}
42,522,{}
42,141,{}
42,282,{}
42,292,{}
42,165,{}
42,412,{}
42,48,{}
42,49,{}
42,245,{}
42,193,{}
42,76,{}
42,206,{}
42,209,{}
42,408,{}
42,356,{}
42,117,{}
43,386,{}
43,267,{}
43,397,{}
43,412,{}
43,46,{}
43,48,{}
43,49,{}
43,307,{}
43,181,{}
43,451,{}
43,354,{}
43,462,{}
43,207,{}
43,346,{}
43,482,{}
43,229,{}
43,195,{}
43,487,{}
43,489,{}
43,491,{}
43,492,{}
43,366,{}
43,112,{}
43,302,{}
43,235,{}
43,119,{}
43,122,{}
43,383,{}
44,142,{}
44,283,{}
44,284,{}
44,415,{}
44,288,{}
44,46,{}
44,48,{}
44,49,{}
44,182,{}
44,184,{}
44,460,{}
44,81,{}
44,468,{}
44,469,{}
44,89,{}
44,476,{}
44,350,{}
44,95,{}
44,481,{}
44,227,{}
44,293,{}
44,465,{}
44,361,{}
44,111,{}
44,374,{}
44,380,{}
44,383,{}
45,407,{}
45,286,{}
45,415,{}
45,188,{}
45,445,{}
45,198,{}
45,467,{}
45,167,{}
45,365,{}
45,369,{}
46,269,{}
46,150,{}
46,287,{}
46,165,{}
46,297,{}
46,173,{}
46,48,{}
46,49,{}
46,521,{}
46,313,{}
46,60,{}
46,67,{}
46,199,{}
46,459,{}
46,290,{}
46,82,{}
46,278,{}
46,411,{}
46,109,{}
46,367,{}
46,498,{}
46,425,{}
47,172,{}
47,389,{}
47,428,{}
47,431,{}
47,48,{}
47,179,{}
47,441,{}
47,323,{}
47,202,{}
47,86,{}
47,217,{}
47,353,{}
47,482,{}
47,227,{}
47,131,{}
47,233,{}
47,234,{}
47,238,{}
47,168,{}
47,366,{}
48,512,{}
48,281,{}
48,173,{}
48,57,{}
48,449,{}
48,289,{}
48,140,{}
48,330,{}
48,333,{}
48,335,{}
48,193,{}
48,85,{}
48,215,{}
48,483,{}
48,228,{}
48,369,{}
48,499,{}
49,398,{}
49,399,{}
49,151,{}
49,69,{}
49,290,{}
49,429,{}
49,388,{}
49,155,{}
49,181,{}
49,319,{}
49,66,{}
49,325,{}
49,454,{}
49,141,{}
49,84,{}
49,94,{}
49,479,{}
49,488,{}
49,108,{}
49,496,{}
49,248,{}
49,124,{}
49,125,{}
50,426,{}
50,116,{}
51,480,{}
51,229,{}
51,78,{}
51,309,{}
53,155,{}
54,64,{}
54,294,{}
54,241,{}
54,471,{}
54,223,{}
55,76,{}
55,446,{}
56,145,{}
56,271,{}
56,431,{}
57,456,{}
58,234,{}
58,209,{}
58,468,{}
58,476,{}
59,242,{}
59,348,{}
60,480,{}
60,382,{}
60,493,{}
61,350,{}
62,447,{}
62,235,{}
64,348,{}
64,134,{}
65,330,{}
66,101,{}
66,241,{}
66,74,{}
66,332,{}
66,431,{}
67,244,{}
68,456,{}
68,154,{}
68,174,{}
68,238,{}
69,113,{}
69,204,{}
69,465,{}
69,346,{}
70,427,{}
70,469,{}
70,483,{}
71,468,{}
71,403,{}
71,396,{}
72,260,{}
72,387,{}
72,374,{}
73,408,{}
73,242,{}
74,245,{}
74,365,{}
74,205,{}
76,489,{}
76,305,{}
77,320,{}
77,481,{}
77,226,{}
78,221,{}
78,167,{}
79,226,{}
80,408,{}
80,419,{}
80,229,{}
80,135,{}
82,366,{}
83,195,{}
83,419,{}
84,128,{}
84,257,{}
84,105,{}
86,300,{}
86,150,{}
87,175,{}
87,471,{}
87,121,{}
88,121,{}
88,415,{}
88,268,{}
89,310,{}
90,274,{}
91,482,{}
92,330,{}
92,182,{}
92,346,{}
92,414,{}
93,164,{}
93,356,{}
93,426,{}
93,406,{}
93,409,{}
93,284,{}
94,126,{}
95,291,{}
95,451,{}
96,312,{}
96,449,{}
97,249,{}
97,179,{}
98,339,{}
99,405,{}
100,137,{}
100,404,{}
100,213,{}
102,394,{}
102,445,{}
103,273,{}
103,164,{}
104,225,{}
105,223,{}
106,344,{}
106,193,{}
106,447,{}
107,479,{}
108,215,{}
109,492,{}
109,431,{}
111,132,{}
111,363,{}
111,263,{}
112,433,{}
112,131,{}
112,249,{}
113,191,{}
113,205,{}
114,176,{}
114,167,{}
115,187,{}
115,247,{}
116,474,{}
117,256,{}
117,206,{}
118,482,{}
118,291,{}
118,139,{}
118,237,{}
118,401,{}
118,181,{}
118,397,{}
119,480,{}
120,329,{}
121,417,{}
121,486,{}
122,170,{}
122,237,{}
122,333,{}
122,348,{}
123,243,{}
124,273,{}
124,364,{}
124,143,{}
124,159,{}
125,416,{}
125,132,{}
125,135,{}
125,182,{}
125,196,{}
126,202,{}
126,464,{}
126,433,{}
127,265,{}
127,339,{}
128,275,{}
128,366,{}
128,336,{}
128,339,{}
128,220,{}
129,321,{}
129,356,{}
129,462,{}
129,241,{}
130,188,{}
130,333,{}
131,451,{}
131,332,{}
131,483,{}
132,417,{}
132,420,{}
132,391,{}
133,286,{}
134,322,{}
134,259,{}
134,209,{}
134,498,{}
136,225,{}
136,324,{}
137,255,{}
138,145,{}
138,412,{}
139,384,{}
139,489,{}
139,397,{}
139,142,{}
139,181,{}
140,344,{}
140,485,{}
140,247,{}
142,377,{}
142,345,{}
143,472,{}
143,309,{}
144,295,{}
145,268,{}
146,154,{}
146,196,{}
146,397,{}
147,452,{}
148,326,{}
149,348,{}
149,231,{}
150,201,{}
150,496,{}
150,190,{}
150,351,{}
151,158,{}
152,488,{}
154,488,{}
154,339,{}
154,343,{}
156,225,{}
156,485,{}
156,294,{}
156,412,{}
157,235,{}
157,444,{}
158,328,{}
158,257,{}
159,464,{}
159,448,{}
160,275,{}
160,421,{}
160,223,{}
161,314,{}
161,269,{}
162,423,{}
163,288,{}
164,451,{}
165,357,{}
165,232,{}
166,291,{}
166,387,{}
166,471,{}
167,192,{}
167,336,{}
167,278,{}
168,496,{}
168,397,{}
172,304,{}
172,318,{}
173,213,{}
174,291,{}
174,239,{}
175,194,{}
175,386,{}
175,248,{}
175,281,{}
176,449,{}
177,375,{}
178,484,{}
179,408,{}
180,400,{}
180,473,{}
180,381,{}
181,197,{}
181,398,{}
181,274,{}
181,377,{}
182,331,{}
183,426,{}
184,231,{}
185,224,{}
185,259,{}
185,205,{}
185,365,{}
185,219,{}
186,274,{}
186,322,{}
188,267,{}
188,467,{}
190,405,{}
190,423,{}
191,288,{}
191,302,{}
191,463,{}
191,276,{}
193,368,{}
193,426,{}
195,223,{}
196,347,{}
198,402,{}
199,417,{}
199,445,{}
200,423,{}
201,358,{}
202,441,{}
202,378,{}
203,244,{}
204,358,{}
204,424,{}
204,253,{}
205,336,{}
205,410,{}
206,381,{}
209,288,{}
210,248,{}
210,236,{}
210,309,{}
211,396,{}
212,304,{}
214,498,{}
214,310,{}
215,471,{}
215,345,{}
215,377,{}
216,222,{}
216,291,{}
218,491,{}
218,401,{}
218,415,{}
219,232,{}
220,277,{}
220,439,{}
220,437,{}
222,310,{}
223,308,{}
223,444,{}
224,386,{}
224,295,{}
226,232,{}
226,267,{}
227,239,{}
228,465,{}
228,411,{}
230,472,{}
230,272,{}
230,486,{}
231,498,{}
231,492,{}
233,248,{}
233,242,{}
233,318,{}
234,478,{}
235,307,{}
235,442,{}
235,443,{}
236,428,{}
237,462,{}
237,401,{}
238,441,{}
238,281,{}
239,258,{}
240,337,{}
240,348,{}
241,423,{}
241,414,{}
243,320,{}
244,288,{}
244,417,{}
244,361,{}
244,302,{}
245,411,{}
245,443,{}
245,318,{}
246,465,{}
247,262,{}
247,421,{}
248,258,{}
248,334,{}
248,297,{}
248,444,{}
249,408,{}
249,360,{}
250,463,{}
251,360,{}
251,266,{}
251,388,{}
254,302,{}
254,491,{}
255,340,{}
256,332,{}
257,494,{}
258,259,{}
258,314,{}
261,376,{}
261,323,{}
262,264,{}
263,457,{}
264,389,{}
264,403,{}
268,351,{}
268,388,{}
269,454,{}
269,379,{}
270,441,{}
270,363,{}
270,436,{}
270,326,{}
271,319,{}
272,332,{}
273,324,{}
273,301,{}
273,337,{}
273,373,{}
275,436,{}
275,276,{}
276,462,{}
276,373,{}
276,472,{}
278,304,{}
278,421,{}
279,338,{}
282,449,{}
282,356,{}
282,287,{}
284,452,{}
286,450,{}
286,454,{}
286,297,{}
286,304,{}
287,300,{}
288,418,{}
288,346,{}
289,408,{}
289,429,{}
290,352,{}
294,310,{}
297,383,{}
300,459,{}
302,491,{}
302,313,{}
303,375,{}
304,419,{}
304,493,{}
304,369,{}
304,466,{}
305,419,{}
308,377,{}
309,479,{}
310,387,{}
310,314,{}
310,413,{}
312,354,{}
313,316,{}
314,405,{}
316,411,{}
317,499,{}
320,451,{}
320,440,{}
320,415,{}
322,451,{}
322,393,{}
322,496,{}
323,429,{}
324,444,{}
326,493,{}
327,355,{}
327,403,{}
327,333,{}
327,351,{}
328,372,{}
329,331,{}
330,480,{}
330,488,{}
331,404,{}
333,398,{}
333,409,{}
335,480,{}
335,396,{}
335,446,{}
336,384,{}
336,337,{}
336,412,{}
336,382,{}
339,429,{}
340,404,{}
341,401,{}
341,459,{}
341,389,{}
342,343,{}
344,359,{}
344,366,{}
345,463,{}
346,435,{}
349,372,{}
351,453,{}
352,479,{}
353,391,{}
353,357,{}
356,432,{}
357,419,{}
359,413,{}
359,366,{}
364,371,{}
364,398,{}
366,368,{}
366,414,{}
369,429,{}
370,413,{}
374,405,{}
376,485,{}
378,498,{}
379,433,{}
381,406,{}
382,434,{}
383,454,{}
383,428,{}
384,431,{}
389,451,{}
391,443,{}
392,488,{}
403,475,{}
404,471,{}
406,417,{}
414,427,{}
416,453,{}
421,494,{}
422,484,{}
423,492,{}
425,466,{}
425,439,{}
426,430,{}
426,496,{}
428,442,{}
432,459,{}
433,458,{}
438,474,{}
440,459,{}
441,492,{}
443,498,{}
448,463,{}
451,489,{}
453,458,{}
456,484,{}
459,496,{}
464,466,{}
469,478,{}
473,476,{}
477,488,{}
481,487,{}
485,489,{}
488,494,{}
500,513,{}
500,515,{}
500,790,{}
500,518,{}
500,521,{}
500,522,{}
500,780,{}
500,526,{}
500,783,{}
500,528,{}
500,529,{}
500,531,{}
500,532,{}
500,533,{}
500,534,{}
500,535,{}
500,536,{}
500,538,{}
500,815,{}
500,540,{}
500,541,{}
500,517,{}
500,544,{}
500,545,{}
500,546,{}
500,925,{}
500,561,{}
500,825,{}
500,543,{}
500,959,{}
500,577,{}
500,707,{}
500,592,{}
500,855,{}
500,984,{}
500,985,{}
500,657,{}
500,751,{}
500,753,{}
500,757,{}
500,502,{}
500,506,{}
500,635,{}
500,509,{}
500,510,{}
500,789,{}
501,645,{}
501,519,{}
501,520,{}
501,521,{}
501,522,{}
501,523,{}
501,526,{}
501,528,{}
501,529,{}
501,531,{}
501,532,{}
501,534,{}
501,536,{}
501,541,{}
501,798,{}
501,543,{}
501,544,{}
501,545,{}
501,546,{}
501,675,{}
501,548,{}
501,933,{}
501,550,{}
501,684,{}
501,818,{}
501,880,{}
501,579,{}
501,708,{}
501,710,{}
501,930,{}
501,847,{}
501,547,{}
501,724,{}
501,549,{}
501,741,{}
501,745,{}
501,752,{}
501,920,{}
501,755,{}
501,885,{}
501,886,{}
501,506,{}
501,507,{}
501,508,{}
501,509,{}
501,510,{}
502,512,{}
502,514,{}
502,515,{}
502,517,{}
502,518,{}
502,523,{}
502,524,{}
502,525,{}
502,782,{}
502,655,{}
502,529,{}
502,530,{}
502,531,{}
502,532,{}
502,917,{}
502,534,{}
502,535,{}
502,536,{}
502,539,{}
502,541,{}
502,543,{}
502,545,{}
502,546,{}
502,547,{}
502,548,{}
502,549,{}
502,684,{}
502,558,{}
502,692,{}
502,950,{}
502,572,{}
502,843,{}
502,721,{}
502,735,{}
502,623,{}
502,503,{}
502,504,{}
502,505,{}
502,508,{}
502,510,{}
503,512,{}
503,769,{}
503,516,{}
503,517,{}
503,519,{}
503,520,{}
503,521,{}
503,523,{}
503,524,{}
503,526,{}
503,529,{}
503,530,{}
503,531,{}
503,532,{}
503,661,{}
503,535,{}
503,537,{}
503,538,{}
503,539,{}
503,540,{}
503,542,{}
503,543,{}
503,544,{}
503,545,{}
503,546,{}
503,548,{}
503,549,{}
503,550,{}
503,822,{}
503,574,{}
503,709,{}
503,710,{}
503,888,{}
503,981,{}
503,505,{}
503,984,{}
503,859,{}
503,860,{}
503,606,{}
503,735,{}
503,867,{}
503,999,{}
503,511,{}
503,632,{}
503,660,{}
503,507,{}
503,508,{}
503,509,{}
503,533,{}
504,512,{}
504,576,{}
504,517,{}
504,519,{}
504,520,{}
504,521,{}
504,653,{}
504,526,{}
504,532,{}
504,534,{}
504,535,{}
504,536,{}
504,537,{}
504,538,{}
504,539,{}
504,541,{}
504,542,{}
504,543,{}
504,544,{}
504,545,{}
504,546,{}
504,547,{}
504,549,{}
504,666,{}
504,939,{}
504,814,{}
504,815,{}
504,823,{}
504,570,{}
504,960,{}
504,581,{}
504,525,{}
504,854,{}
504,886,{}
504,505,{}
504,507,{}
504,509,{}
504,510,{}
504,511,{}
505,513,{}
505,514,{}
505,516,{}
505,517,{}
505,518,{}
505,647,{}
505,521,{}
505,522,{}
505,524,{}
505,781,{}
505,531,{}
505,537,{}
505,666,{}
505,538,{}
505,544,{}
505,929,{}
505,546,{}
505,549,{}
505,810,{}
505,711,{}
505,815,{}
505,826,{}
505,827,{}
505,578,{}
505,545,{}
505,586,{}
505,588,{}
505,592,{}
505,888,{}
505,978,{}
505,726,{}
505,599,{}
505,604,{}
505,993,{}
505,541,{}
505,624,{}
505,755,{}
505,885,{}
505,506,{}
505,508,{}
505,893,{}
505,510,{}
505,511,{}
506,512,{}
506,513,{}
506,515,{}
506,517,{}
506,520,{}
506,521,{}
506,650,{}
506,526,{}
506,655,{}
506,529,{}
506,643,{}
506,918,{}
506,793,{}
506,538,{}
506,540,{}
506,548,{}
506,549,{}
506,682,{}
506,820,{}
506,956,{}
506,958,{}
506,960,{}
506,580,{}
506,837,{}
506,843,{}
506,594,{}
506,857,{}
506,986,{}
506,603,{}
506,988,{}
506,609,{}
506,785,{}
506,999,{}
506,509,{}
506,507,{}
506,508,{}
506,893,{}
507,513,{}
507,514,{}
507,518,{}
507,519,{}
507,520,{}
507,521,{}
507,524,{}
507,526,{}
507,528,{}
507,529,{}
507,530,{}
507,531,{}
507,534,{}
507,536,{}
507,667,{}
507,540,{}
507,542,{}
507,544,{}
507,547,{}
507,548,{}
507,549,{}
507,678,{}
507,647,{}
507,556,{}
507,960,{}
507,596,{}
507,727,{}
507,621,{}
507,755,{}
507,633,{}
507,508,{}
508,641,{}
508,514,{}
508,516,{}
508,902,{}
508,519,{}
508,520,{}
508,522,{}
508,524,{}
508,642,{}
508,527,{}
508,528,{}
508,530,{}
508,533,{}
508,534,{}
508,535,{}
508,536,{}
508,537,{}
508,538,{}
508,539,{}
508,796,{}
508,541,{}
508,542,{}
508,543,{}
508,544,{}
508,677,{}
508,807,{}
508,680,{}
508,798,{}
508,833,{}
508,758,{}
508,644,{}
508,652,{}
508,842,{}
508,759,{}
508,847,{}
508,593,{}
508,723,{}
508,987,{}
508,607,{}
508,738,{}
508,744,{}
508,747,{}
508,882,{}
508,509,{}
508,510,{}
509,512,{}
509,514,{}
509,515,{}
509,518,{}
509,519,{}
509,521,{}
509,650,{}
509,523,{}
509,525,{}
509,527,{}
509,528,{}
509,529,{}
509,531,{}
509,532,{}
509,533,{}
509,534,{}
509,536,{}
509,537,{}
509,538,{}
509,539,{}
509,543,{}
509,547,{}
509,548,{}
509,689,{}
509,691,{}
509,700,{}
509,590,{}
509,850,{}
509,597,{}
509,854,{}
509,606,{}
509,743,{}
509,892,{}
509,594,{}
509,623,{}
509,767,{}
510,641,{}
510,514,{}
510,515,{}
510,537,{}
510,517,{}
510,513,{}
510,520,{}
510,521,{}
510,522,{}
510,526,{}
510,527,{}
510,529,{}
510,530,{}
510,534,{}
510,535,{}
510,536,{}
510,793,{}
510,540,{}
510,541,{}
510,544,{}
510,545,{}
510,547,{}
510,548,{}
510,809,{}
510,938,{}
510,560,{}
510,945,{}
510,949,{}
510,829,{}
510,958,{}
510,965,{}
510,719,{}
510,976,{}
510,595,{}
510,983,{}
510,984,{}
510,731,{}
510,764,{}
510,914,{}
511,517,{}
511,518,{}
511,519,{}
511,523,{}
511,524,{}
511,525,{}
511,526,{}
511,527,{}
511,531,{}
511,532,{}
511,536,{}
511,537,{}
511,538,{}
511,539,{}
511,540,{}
511,798,{}
511,545,{}
511,548,{}
511,937,{}
511,939,{}
511,565,{}
511,697,{}
511,826,{}
511,705,{}
511,973,{}
511,720,{}
511,874,{}
511,747,{}
511,754,{}
511,618,{}
512,640,{}
512,515,{}
512,516,{}
512,517,{}
512,519,{}
512,521,{}
512,522,{}
512,523,{}
512,524,{}
512,525,{}
512,526,{}
512,527,{}
512,528,{}
512,913,{}
512,532,{}
512,662,{}
512,535,{}
512,536,{}
512,537,{}
512,538,{}
512,539,{}
512,540,{}
512,541,{}
512,545,{}
512,547,{}
512,549,{}
512,806,{}
512,809,{}
512,534,{}
512,556,{}
512,577,{}
512,667,{}
512,712,{}
512,791,{}
512,721,{}
512,983,{}
512,602,{}
512,805,{}
512,737,{}
512,656,{}
512,997,{}
512,785,{}
512,748,{}
512,878,{}
512,767,{}
513,896,{}
513,769,{}
513,514,{}
513,635,{}
513,517,{}
513,519,{}
513,520,{}
513,521,{}
513,522,{}
513,528,{}
513,529,{}
513,530,{}
513,531,{}
513,532,{}
513,533,{}
513,534,{}
513,535,{}
513,536,{}
513,537,{}
513,540,{}
513,542,{}
513,930,{}
513,931,{}
513,950,{}
513,649,{}
513,959,{}
513,834,{}
513,841,{}
513,546,{}
513,845,{}
513,975,{}
513,991,{}
513,739,{}
513,869,{}
513,742,{}
513,870,{}
513,877,{}
513,894,{}
513,831,{}
514,515,{}
514,516,{}
514,517,{}
514,518,{}
514,519,{}
514,520,{}
514,521,{}
514,523,{}
514,526,{}
514,528,{}
514,913,{}
514,533,{}
514,534,{}
514,536,{}
514,538,{}
514,540,{}
514,541,{}
514,542,{}
514,927,{}
514,544,{}
514,675,{}
514,805,{}
514,809,{}
514,776,{}
514,543,{}
514,960,{}
514,706,{}
514,654,{}
514,729,{}
514,549,{}
514,870,{}
514,873,{}
514,875,{}
515,641,{}
515,520,{}
515,521,{}
515,522,{}
515,525,{}
515,526,{}
515,527,{}
515,792,{}
515,533,{}
515,534,{}
515,535,{}
515,536,{}
515,539,{}
515,540,{}
515,542,{}
515,544,{}
515,545,{}
515,546,{}
515,795,{}
515,549,{}
515,936,{}
515,557,{}
515,562,{}
515,820,{}
515,821,{}
515,695,{}
515,928,{}
515,835,{}
515,597,{}
515,740,{}
515,746,{}
515,878,{}
515,853,{}
515,638,{}
515,767,{}
515,981,{}
516,899,{}
516,517,{}
516,779,{}
516,524,{}
516,525,{}
516,526,{}
516,527,{}
516,529,{}
516,530,{}
516,531,{}
516,534,{}
516,535,{}
516,537,{}
516,539,{}
516,541,{}
516,542,{}
516,544,{}
516,545,{}
516,809,{}
516,555,{}
516,684,{}
516,955,{}
516,703,{}
516,966,{}
516,969,{}
516,846,{}
516,909,{}
516,919,{}
516,729,{}
516,733,{}
516,898,{}
516,613,{}
516,751,{}
516,881,{}
516,895,{}
517,774,{}
517,648,{}
517,522,{}
517,525,{}
517,528,{}
517,529,{}
517,530,{}
517,787,{}
517,532,{}
517,535,{}
517,537,{}
517,544,{}
517,545,{}
517,546,{}
517,549,{}
517,813,{}
517,957,{}
517,832,{}
517,739,{}
517,752,{}
517,754,{}
518,519,{}
518,522,{}
518,524,{}
518,525,{}
518,527,{}
518,530,{}
518,531,{}
518,533,{}
518,918,{}
518,536,{}
518,537,{}
518,540,{}
518,541,{}
518,543,{}
518,545,{}
518,546,{}
518,811,{}
518,557,{}
518,950,{}
518,964,{}
518,709,{}
518,583,{}
518,590,{}
518,761,{}
518,868,{}
519,771,{}
519,777,{}
519,522,{}
519,525,{}
519,527,{}
519,528,{}
519,529,{}
519,530,{}
519,532,{}
519,533,{}
519,538,{}
519,797,{}
519,543,{}
519,636,{}
519,930,{}
519,548,{}
519,549,{}
519,558,{}
519,828,{}
519,830,{}
519,629,{}
519,759,{}
519,845,{}
519,724,{}
519,873,{}
519,618,{}
519,686,{}
519,624,{}
519,638,{}
520,521,{}
520,779,{}
520,653,{}
520,529,{}
520,658,{}
520,531,{}
520,534,{}
520,537,{}
520,539,{}
520,542,{}
520,547,{}
520,551,{}
520,822,{}
520,573,{}
520,958,{}
520,575,{}
520,886,{}
520,525,{}
520,760,{}
520,980,{}
520,731,{}
520,988,{}
520,762,{}
520,864,{}
520,609,{}
520,847,{}
520,622,{}
520,625,{}
520,758,{}
521,523,{}
521,524,{}
521,909,{}
521,526,{}
521,527,{}
521,528,{}
521,530,{}
521,531,{}
521,532,{}
521,661,{}
521,535,{}
521,536,{}
521,537,{}
521,538,{}
521,540,{}
521,541,{}
521,542,{}
521,672,{}
521,546,{}
521,547,{}
521,563,{}
521,566,{}
521,652,{}
521,574,{}
521,780,{}
521,586,{}
521,720,{}
521,803,{}
521,601,{}
521,861,{}
521,830,{}
521,958,{}
521,878,{}
522,523,{}
522,524,{}
522,528,{}
522,531,{}
522,534,{}
522,535,{}
522,536,{}
522,538,{}
522,539,{}
522,540,{}
522,541,{}
522,543,{}
522,544,{}
522,546,{}
522,548,{}
522,549,{}
522,896,{}
522,685,{}
522,815,{}
522,712,{}
522,952,{}
522,706,{}
522,840,{}
522,714,{}
522,588,{}
522,977,{}
522,858,{}
522,862,{}
523,525,{}
523,910,{}
523,527,{}
523,913,{}
523,530,{}
523,531,{}
523,916,{}
523,533,{}
523,534,{}
523,536,{}
523,537,{}
523,540,{}
523,670,{}
523,543,{}
523,544,{}
523,546,{}
523,547,{}
523,549,{}
523,679,{}
523,687,{}
523,688,{}
523,699,{}
523,575,{}
523,800,{}
523,836,{}
523,887,{}
523,930,{}
523,718,{}
523,725,{}
523,991,{}
523,736,{}
523,741,{}
523,767,{}
523,792,{}
523,763,{}
523,636,{}
524,781,{}
524,526,{}
524,527,{}
524,528,{}
524,530,{}
524,531,{}
524,533,{}
524,534,{}
524,535,{}
524,536,{}
524,644,{}
524,540,{}
524,541,{}
524,542,{}
524,543,{}
524,800,{}
524,545,{}
524,548,{}
524,817,{}
524,692,{}
524,948,{}
524,581,{}
524,711,{}
524,971,{}
524,851,{}
524,980,{}
524,728,{}
524,872,{}
524,619,{}
524,876,{}
525,526,{}
525,784,{}
525,531,{}
525,921,{}
525,537,{}
525,900,{}
525,538,{}
525,542,{}
525,799,{}
525,544,{}
525,673,{}
525,547,{}
525,551,{}
525,563,{}
525,956,{}
525,701,{}
525,702,{}
525,651,{}
525,843,{}
525,977,{}
525,856,{}
525,656,{}
525,715,{}
525,617,{}
525,807,{}
525,879,{}
525,639,{}
526,648,{}
526,527,{}
526,528,{}
526,657,{}
526,530,{}
526,531,{}
526,916,{}
526,535,{}
526,536,{}
526,537,{}
526,538,{}
526,541,{}
526,542,{}
526,543,{}
526,544,{}
526,546,{}
526,548,{}
526,939,{}
526,816,{}
526,628,{}
526,694,{}
526,569,{}
526,570,{}
526,705,{}
526,710,{}
526,631,{}
526,593,{}
526,722,{}
526,596,{}
526,598,{}
526,770,{}
526,605,{}
526,998,{}
526,615,{}
526,871,{}
526,625,{}
527,642,{}
527,906,{}
527,528,{}
527,529,{}
527,531,{}
527,532,{}
527,534,{}
527,536,{}
527,538,{}
527,542,{}
527,546,{}
527,931,{}
527,763,{}
527,807,{}
527,683,{}
527,813,{}
527,560,{}
527,696,{}
527,907,{}
527,590,{}
527,848,{}
527,912,{}
527,995,{}
527,629,{}
527,635,{}
528,529,{}
528,531,{}
528,534,{}
528,535,{}
528,536,{}
528,537,{}
528,538,{}
528,540,{}
528,542,{}
528,544,{}
528,545,{}
528,546,{}
528,675,{}
528,548,{}
528,555,{}
528,942,{}
528,559,{}
528,884,{}
528,967,{}
528,842,{}
528,973,{}
528,597,{}
528,857,{}
528,619,{}
528,765,{}
528,626,{}
528,630,{}
528,766,{}
529,906,{}
529,532,{}
529,533,{}
529,535,{}
529,537,{}
529,923,{}
529,540,{}
529,542,{}
529,544,{}
529,545,{}
529,546,{}
529,547,{}
529,549,{}
529,949,{}
529,965,{}
529,966,{}
529,968,{}
529,587,{}
529,848,{}
529,593,{}
529,735,{}
529,996,{}
529,877,{}
529,625,{}
529,889,{}
530,531,{}
530,534,{}
530,535,{}
530,537,{}
530,539,{}
530,540,{}
530,542,{}
530,773,{}
530,545,{}
530,546,{}
530,547,{}
530,549,{}
530,935,{}
530,939,{}
530,557,{}
530,814,{}
530,821,{}
530,698,{}
530,543,{}
530,972,{}
530,930,{}
530,791,{}
530,595,{}
530,919,{}
530,982,{}
530,730,{}
530,859,{}
530,988,{}
530,734,{}
530,933,{}
530,865,{}
530,866,{}
530,852,{}
531,533,{}
531,535,{}
531,664,{}
531,537,{}
531,538,{}
531,540,{}
531,797,{}
531,545,{}
531,804,{}
531,811,{}
531,949,{}
531,699,{}
531,578,{}
531,836,{}
531,837,{}
531,967,{}
531,908,{}
531,591,{}
531,731,{}
531,860,{}
531,862,{}
531,865,{}
531,827,{}
531,748,{}
531,883,{}
531,891,{}
532,537,{}
532,927,{}
532,544,{}
532,673,{}
532,547,{}
532,549,{}
532,760,{}
532,817,{}
532,818,{}
532,950,{}
532,757,{}
532,581,{}
532,865,{}
532,867,{}
532,869,{}
532,745,{}
532,748,{}
532,877,{}
532,623,{}
532,888,{}
533,772,{}
533,905,{}
533,911,{}
533,535,{}
533,537,{}
533,538,{}
533,541,{}
533,926,{}
533,928,{}
533,547,{}
533,548,{}
533,805,{}
533,935,{}
533,946,{}
533,690,{}
533,691,{}
533,571,{}
533,574,{}
533,963,{}
533,964,{}
533,837,{}
533,966,{}
533,714,{}
533,847,{}
533,593,{}
533,851,{}
533,600,{}
533,605,{}
533,996,{}
533,787,{}
533,763,{}
534,909,{}
534,915,{}
534,660,{}
534,536,{}
534,537,{}
534,539,{}
534,543,{}
534,544,{}
534,545,{}
534,547,{}
534,676,{}
534,934,{}
534,554,{}
534,812,{}
534,562,{}
534,567,{}
534,756,{}
534,705,{}
534,964,{}
534,630,{}
534,548,{}
534,988,{}
534,992,{}
534,764,{}
534,624,{}
534,890,{}
535,776,{}
535,537,{}
535,536,{}
535,921,{}
535,538,{}
535,795,{}
535,668,{}
535,541,{}
535,542,{}
535,671,{}
535,544,{}
535,804,{}
535,549,{}
535,796,{}
535,811,{}
535,941,{}
535,564,{}
535,956,{}
535,965,{}
535,582,{}
535,974,{}
535,760,{}
535,548,{}
535,858,{}
535,861,{}
535,608,{}
535,609,{}
535,611,{}
535,618,{}
535,750,{}
536,659,{}
536,538,{}
536,922,{}
536,542,{}
536,544,{}
536,545,{}
536,546,{}
536,548,{}
536,552,{}
536,945,{}
536,905,{}
536,827,{}
536,956,{}
536,831,{}
536,965,{}
536,713,{}
536,842,{}
536,808,{}
536,723,{}
536,732,{}
536,912,{}
536,616,{}
536,878,{}
536,680,{}
537,539,{}
537,541,{}
537,543,{}
537,544,{}
537,545,{}
537,547,{}
537,548,{}
537,681,{}
537,797,{}
537,819,{}
537,826,{}
537,833,{}
537,962,{}
537,971,{}
537,982,{}
537,698,{}
537,800,{}
537,737,{}
537,997,{}
537,620,{}
537,752,{}
537,629,{}
538,768,{}
538,901,{}
538,788,{}
538,794,{}
538,539,{}
538,540,{}
538,545,{}
538,547,{}
538,548,{}
538,934,{}
538,642,{}
538,944,{}
538,690,{}
538,693,{}
538,694,{}
538,777,{}
538,697,{}
538,585,{}
538,972,{}
538,593,{}
538,850,{}
538,979,{}
538,854,{}
538,770,{}
538,607,{}
538,618,{}
538,726,{}
539,782,{}
539,924,{}
539,666,{}
539,546,{}
539,548,{}
539,858,{}
539,570,{}
539,571,{}
539,965,{}
539,654,{}
539,730,{}
539,743,{}
539,873,{}
539,621,{}
539,623,{}
539,883,{}
539,885,{}
539,762,{}
539,853,{}
540,783,{}
540,921,{}
540,796,{}
540,541,{}
540,542,{}
540,544,{}
540,546,{}
540,547,{}
540,548,{}
540,839,{}
540,882,{}
540,942,{}
540,951,{}
540,954,{}
540,576,{}
540,708,{}
540,966,{}
540,967,{}
540,601,{}
540,730,{}
540,862,{}
540,997,{}
540,747,{}
540,753,{}
540,626,{}
540,767,{}
541,899,{}
541,648,{}
541,542,{}
541,546,{}
541,549,{}
541,806,{}
541,943,{}
541,776,{}
541,564,{}
541,565,{}
541,756,{}
541,577,{}
541,834,{}
541,674,{}
541,757,{}
541,859,{}
541,733,{}
541,746,{}
541,881,{}
541,629,{}
542,646,{}
542,663,{}
542,788,{}
542,544,{}
542,545,{}
542,546,{}
542,547,{}
542,676,{}
542,582,{}
542,679,{}
542,924,{}
542,940,{}
542,823,{}
542,824,{}
542,700,{}
542,710,{}
542,673,{}
542,844,{}
542,849,{}
542,980,{}
542,856,{}
542,603,{}
542,862,{}
542,994,{}
542,756,{}
543,908,{}
543,544,{}
543,802,{}
543,691,{}
543,566,{}
543,826,{}
543,831,{}
543,965,{}
543,850,{}
543,996,{}
543,612,{}
543,636,{}
543,749,{}
543,637,{}
544,904,{}
544,652,{}
544,669,{}
544,932,{}
544,549,{}
544,556,{}
544,943,{}
544,694,{}
544,951,{}
544,568,{}
544,793,{}
544,579,{}
544,840,{}
544,714,{}
544,844,{}
544,589,{}
544,760,{}
544,987,{}
544,863,{}
544,912,{}
544,610,{}
544,886,{}
544,639,{}
545,577,{}
545,778,{}
545,799,{}
545,802,{}
545,547,{}
545,548,{}
545,549,{}
545,553,{}
545,568,{}
545,703,{}
545,961,{}
545,584,{}
545,546,{}
545,718,{}
545,973,{}
545,902,{}
545,985,{}
545,608,{}
545,609,{}
545,786,{}
545,787,{}
546,768,{}
546,663,{}
546,547,{}
546,932,{}
546,809,{}
546,689,{}
546,953,{}
546,580,{}
546,838,{}
546,929,{}
546,714,{}
546,844,{}
546,710,{}
546,910,{}
546,856,{}
546,548,{}
546,612,{}
546,999,{}
546,801,{}
546,895,{}
547,897,{}
547,898,{}
547,901,{}
547,903,{}
547,548,{}
547,549,{}
547,924,{}
547,947,{}
547,564,{}
547,670,{}
547,961,{}
547,578,{}
547,970,{}
547,716,{}
547,717,{}
547,727,{}
547,788,{}
547,981,{}
547,599,{}
547,989,{}
547,742,{}
547,627,{}
547,628,{}
547,660,{}
547,895,{}
548,642,{}
548,665,{}
548,770,{}
548,789,{}
548,549,{}
548,806,{}
548,936,{}
548,775,{}
548,556,{}
548,688,{}
548,689,{}
548,691,{}
548,704,{}
548,585,{}
548,716,{}
548,638,{}
548,856,{}
548,601,{}
548,603,{}
548,605,{}
548,990,{}
548,766,{}
548,613,{}
548,878,{}
548,761,{}
549,900,{}
549,770,{}
549,643,{}
549,922,{}
549,667,{}
549,926,{}
549,554,{}
549,944,{}
549,697,{}
549,703,{}
549,960,{}
549,838,{}
549,676,{}
549,602,{}
549,604,{}
549,634,{}
549,614,{}
549,884,{}
551,960,{}
551,774,{}
552,774,{}
552,908,{}
552,621,{}
552,654,{}
552,662,{}
552,990,{}
553,582,{}
553,745,{}
553,813,{}
553,914,{}
553,795,{}
553,882,{}
554,792,{}
554,928,{}
557,965,{}
558,976,{}
559,952,{}
559,749,{}
559,677,{}
560,710,{}
561,816,{}
561,899,{}
563,641,{}
563,663,{}
563,836,{}
564,864,{}
564,578,{}
564,587,{}
564,607,{}
565,748,{}
565,732,{}
565,902,{}
566,720,{}
566,690,{}
566,726,{}
567,681,{}
567,874,{}
568,807,{}
568,892,{}
568,785,{}
569,893,{}
569,743,{}
570,725,{}
571,704,{}
571,937,{}
572,760,{}
573,886,{}
573,918,{}
573,703,{}
574,578,{}
574,743,{}
574,930,{}
574,947,{}
574,628,{}
575,832,{}
576,912,{}
576,941,{}
577,797,{}
579,942,{}
579,743,{}
580,892,{}
580,658,{}
580,799,{}
581,685,{}
581,792,{}
582,770,{}
582,868,{}
582,944,{}
583,704,{}
583,706,{}
583,758,{}
584,859,{}
584,693,{}
585,793,{}
585,717,{}
586,705,{}
586,712,{}
586,687,{}
586,862,{}
587,645,{}
588,988,{}
588,882,{}
589,772,{}
589,869,{}
589,765,{}
590,623,{}
593,994,{}
593,620,{}
593,980,{}
594,763,{}
594,751,{}
595,637,{}
596,713,{}
596,690,{}
597,978,{}
597,815,{}
598,673,{}
598,652,{}
598,703,{}
599,896,{}
599,758,{}
599,782,{}
600,929,{}
601,704,{}
601,773,{}
601,720,{}
602,756,{}
603,713,{}
603,850,{}
604,770,{}
604,610,{}
604,655,{}
604,788,{}
604,879,{}
604,636,{}
605,929,{}
605,936,{}
605,988,{}
606,879,{}
606,774,{}
607,753,{}
608,832,{}
608,645,{}
609,844,{}
610,768,{}
610,752,{}
610,980,{}
610,793,{}
611,886,{}
612,968,{}
613,682,{}
614,841,{}
614,807,{}
615,826,{}
615,671,{}
617,797,{}
618,962,{}
618,619,{}
618,846,{}
618,890,{}
619,870,{}
619,679,{}
619,815,{}
620,720,{}
620,817,{}
620,634,{}
620,987,{}
620,828,{}
620,830,{}
621,657,{}
622,760,{}
622,684,{}
622,981,{}
623,993,{}
624,952,{}
624,963,{}
625,893,{}
626,770,{}
626,772,{}
626,876,{}
626,753,{}
627,860,{}
627,644,{}
627,693,{}
628,857,{}
628,859,{}
629,672,{}
629,763,{}
629,773,{}
629,731,{}
631,650,{}
632,849,{}
633,716,{}
634,942,{}
635,964,{}
635,847,{}
635,927,{}
636,677,{}
636,654,{}
637,923,{}
637,870,{}
637,982,{}
638,645,{}
638,678,{}
638,890,{}
639,869,{}
639,959,{}
642,657,{}
644,816,{}
644,772,{}
645,841,{}
645,727,{}
645,789,{}
646,934,{}
646,903,{}
647,762,{}
647,748,{}
648,761,{}
648,883,{}
650,944,{}
651,997,{}
651,806,{}
651,879,{}
651,756,{}
651,761,{}
651,741,{}
653,951,{}
654,730,{}
656,865,{}
656,931,{}
657,994,{}
657,914,{}
659,994,{}
659,964,{}
659,786,{}
660,960,{}
660,844,{}
661,839,{}
661,702,{}
661,774,{}
662,965,{}
662,718,{}
663,664,{}
663,909,{}
665,826,{}
665,667,{}
665,730,{}
665,870,{}
666,738,{}
668,808,{}
668,694,{}
670,868,{}
670,975,{}
672,740,{}
672,772,{}
673,705,{}
673,741,{}
673,743,{}
673,779,{}
673,718,{}
674,905,{}
674,786,{}
674,811,{}
675,916,{}
675,957,{}
676,768,{}
676,979,{}
676,758,{}
677,749,{}
677,784,{}
677,722,{}
677,895,{}
678,946,{}
678,778,{}
679,779,{}
681,913,{}
681,959,{}
682,872,{}
683,843,{}
683,894,{}
686,875,{}
686,931,{}
686,971,{}
688,836,{}
688,766,{}
688,695,{}
689,899,{}
689,698,{}
689,954,{}
690,833,{}
690,965,{}
691,732,{}
692,714,{}
692,709,{}
693,905,{}
693,754,{}
694,871,{}
695,745,{}
695,811,{}
695,882,{}
695,924,{}
697,734,{}
698,786,{}
699,714,{}
699,933,{}
700,898,{}
700,874,{}
700,940,{}
700,852,{}
700,759,{}
700,856,{}
700,927,{}
701,992,{}
701,862,{}
702,768,{}
702,955,{}
702,998,{}
704,924,{}
705,946,{}
707,948,{}
707,897,{}
708,917,{}
709,918,{}
710,917,{}
711,772,{}
711,916,{}
711,762,{}
711,923,{}
713,787,{}
714,896,{}
714,923,{}
714,982,{}
714,917,{}
715,963,{}
715,965,{}
715,767,{}
717,901,{}
717,797,{}
718,931,{}
719,879,{}
720,870,{}
720,878,{}
720,792,{}
721,808,{}
721,940,{}
721,880,{}
721,948,{}
722,962,{}
722,771,{}
722,895,{}
723,767,{}
724,983,{}
726,899,{}
727,992,{}
727,800,{}
727,900,{}
727,806,{}
727,904,{}
728,919,{}
729,970,{}
729,997,{}
731,796,{}
732,871,{}
732,815,{}
732,761,{}
732,826,{}
733,743,{}
735,772,{}
736,912,{}
736,932,{}
736,939,{}
738,851,{}
738,770,{}
738,790,{}
740,869,{}
740,845,{}
742,779,{}
742,913,{}
745,907,{}
746,813,{}
747,890,{}
747,901,{}
748,921,{}
752,986,{}
753,767,{}
754,866,{}
755,962,{}
757,870,{}
757,845,{}
758,922,{}
758,830,{}
758,831,{}
759,971,{}
760,935,{}
760,948,{}
761,838,{}
761,975,{}
761,982,{}
762,782,{}
762,927,{}
765,956,{}
766,807,{}
767,929,{}
767,898,{}
768,962,{}
768,905,{}
770,903,{}
771,970,{}
772,810,{}
773,908,{}
773,845,{}
774,962,{}
776,866,{}
778,899,{}
778,955,{}
778,857,{}
780,921,{}
780,828,{}
780,933,{}
781,873,{}
783,965,{}
783,874,{}
783,847,{}
783,990,{}
787,798,{}
788,911,{}
788,891,{}
790,873,{}
790,833,{}
792,881,{}
792,949,{}
792,952,{}
794,872,{}
794,926,{}
796,836,{}
796,991,{}
800,963,{}
800,877,{}
801,942,{}
802,993,{}
803,944,{}
803,991,{}
804,977,{}
808,985,{}
811,903,{}
811,850,{}
812,835,{}
812,872,{}
812,944,{}
812,914,{}
812,829,{}
813,849,{}
814,909,{}
814,834,{}
814,829,{}
815,860,{}
817,871,{}
817,911,{}
818,891,{}
818,893,{}
819,892,{}
820,927,{}
822,984,{}
824,926,{}
825,883,{}
826,856,{}
828,905,{}
831,850,{}
831,986,{}
832,985,{}
832,978,{}
835,836,{}
835,900,{}
836,945,{}
838,866,{}
841,996,{}
841,983,{}
842,884,{}
843,969,{}
843,850,{}
844,943,{}
845,993,{}
846,973,{}
847,922,{}
848,952,{}
849,974,{}
849,971,{}
850,936,{}
851,954,{}
854,964,{}
854,866,{}
855,898,{}
855,975,{}
856,993,{}
856,937,{}
856,959,{}
857,882,{}
857,983,{}
864,876,{}
864,992,{}
864,953,{}
869,882,{}
873,972,{}
873,880,{}
874,963,{}
881,992,{}
884,937,{}
887,969,{}
892,895,{}
895,991,{}
897,998,{}
899,914,{}
899,922,{}
900,907,{}
900,958,{}
902,939,{}
903,930,{}
903,986,{}
904,933,{}
905,941,{}
912,914,{}
916,992,{}
917,963,{}
925,977,{}
927,975,{}
930,966,{}
932,938,{}
934,962,{}
935,941,{}
938,969,{}
944,975,{}
950,966,{}
955,993,{}
955,999,{}
963,974,{}
963,987,{}
966,967,{}
967,977,{}
971,986,{}
975,982,{}
